CREATE DATABASE  IF NOT EXISTS `bitsmartmini` /*!40100 DEFAULT CHARACTER SET latin1 */;
USE `bitsmartmini`;
-- MySQL dump 10.13  Distrib 8.0.19, for macos10.15 (x86_64)
--
-- Host: localhost    Database: bitsmartmini
-- ------------------------------------------------------
-- Server version	5.7.9

/*!40101 SET @OLD_CHARACTER_SET_CLIENT=@@CHARACTER_SET_CLIENT */;
/*!40101 SET @OLD_CHARACTER_SET_RESULTS=@@CHARACTER_SET_RESULTS */;
/*!40101 SET @OLD_COLLATION_CONNECTION=@@COLLATION_CONNECTION */;
/*!50503 SET NAMES utf8 */;
/*!40103 SET @OLD_TIME_ZONE=@@TIME_ZONE */;
/*!40103 SET TIME_ZONE='+00:00' */;
/*!40014 SET @OLD_UNIQUE_CHECKS=@@UNIQUE_CHECKS, UNIQUE_CHECKS=0 */;
/*!40014 SET @OLD_FOREIGN_KEY_CHECKS=@@FOREIGN_KEY_CHECKS, FOREIGN_KEY_CHECKS=0 */;
/*!40101 SET @OLD_SQL_MODE=@@SQL_MODE, SQL_MODE='NO_AUTO_VALUE_ON_ZERO' */;
/*!40111 SET @OLD_SQL_NOTES=@@SQL_NOTES, SQL_NOTES=0 */;

--
-- Table structure for table `business`
--

DROP TABLE IF EXISTS `business`;
/*!40101 SET @saved_cs_client     = @@character_set_client */;
/*!50503 SET character_set_client = utf8mb4 */;
CREATE TABLE `business` (
  `b_name` varchar(145) NOT NULL,
  `b_addr` varchar(45) NOT NULL,
  `b_mobile` varchar(45) NOT NULL,
  `b_email` varchar(45) NOT NULL,
  `b_logo` varchar(245) DEFAULT NULL,
  `b_country` varchar(245) NOT NULL,
  `b_currency` varchar(45) NOT NULL,
  `license_key` int(11) NOT NULL,
  PRIMARY KEY (`b_name`),
  UNIQUE KEY `license_key` (`license_key`),
  CONSTRAINT `business_ibfk_1` FOREIGN KEY (`license_key`) REFERENCES `licensing` (`license_id`)
) ENGINE=InnoDB DEFAULT CHARSET=latin1;
/*!40101 SET character_set_client = @saved_cs_client */;

--
-- Dumping data for table `business`
--

LOCK TABLES `business` WRITE;
/*!40000 ALTER TABLE `business` DISABLE KEYS */;
INSERT INTO `business` VALUES ('Bitstrybe Pharmacy Ltd','P.O Box MP2580, Accra','0246002100','info@bistrybe.com',NULL,'Ghana','GH¢',1);
/*!40000 ALTER TABLE `business` ENABLE KEYS */;
UNLOCK TABLES;

--
-- Table structure for table `customers`
--

DROP TABLE IF EXISTS `customers`;
/*!40101 SET @saved_cs_client     = @@character_set_client */;
/*!50503 SET character_set_client = utf8mb4 */;
CREATE TABLE `customers` (
  `customer_id` int(11) NOT NULL AUTO_INCREMENT,
  `fullname` varchar(145) NOT NULL,
  `mobile` varchar(145) NOT NULL,
  PRIMARY KEY (`customer_id`)
) ENGINE=InnoDB AUTO_INCREMENT=2 DEFAULT CHARSET=latin1;
/*!40101 SET character_set_client = @saved_cs_client */;

--
-- Dumping data for table `customers`
--

LOCK TABLES `customers` WRITE;
/*!40000 ALTER TABLE `customers` DISABLE KEYS */;
INSERT INTO `customers` VALUES (1,'Anonymous','(000)0000000');
/*!40000 ALTER TABLE `customers` ENABLE KEYS */;
UNLOCK TABLES;

--
-- Table structure for table `forms`
--

DROP TABLE IF EXISTS `forms`;
/*!40101 SET @saved_cs_client     = @@character_set_client */;
/*!50503 SET character_set_client = utf8mb4 */;
CREATE TABLE `forms` (
  `form_name` varchar(250) NOT NULL,
  PRIMARY KEY (`form_name`)
) ENGINE=InnoDB DEFAULT CHARSET=latin1;
/*!40101 SET character_set_client = @saved_cs_client */;

--
-- Dumping data for table `forms`
--

LOCK TABLES `forms` WRITE;
/*!40000 ALTER TABLE `forms` DISABLE KEYS */;
INSERT INTO `forms` VALUES ('Balm'),('Bandage'),('Bitters'),('Bud'),('Caps'),('Capsule'),('Condom'),('Consumables'),('Cream'),('Dispersible Tablet'),('Drops'),('Elixir'),('Gaseous'),('Gel'),('Guaze'),('Inhaler'),('Injection'),('Intravenous fluid'),('Lotion'),('Lozenges'),('Mixture'),('Oil'),('Ointment'),('Others'),('Paint'),('Paste'),('Pessaries'),('Plaster'),('Powder'),('Roll-on'),('Sachet'),('Soap'),('Solution'),('Spray'),('Strips'),('Supplement'),('Suppositories'),('Suspension'),('Syrup'),('Tablet'),('Tea'),('Test Strips');
/*!40000 ALTER TABLE `forms` ENABLE KEYS */;
UNLOCK TABLES;

--
-- Table structure for table `generic`
--

DROP TABLE IF EXISTS `generic`;
/*!40101 SET @saved_cs_client     = @@character_set_client */;
/*!50503 SET character_set_client = utf8mb4 */;
CREATE TABLE `generic` (
  `gene_name` varchar(250) NOT NULL,
  PRIMARY KEY (`gene_name`)
) ENGINE=InnoDB DEFAULT CHARSET=latin1;
/*!40101 SET character_set_client = @saved_cs_client */;

--
-- Dumping data for table `generic`
--

LOCK TABLES `generic` WRITE;
/*!40000 ALTER TABLE `generic` DISABLE KEYS */;
/*!40000 ALTER TABLE `generic` ENABLE KEYS */;
UNLOCK TABLES;

--
-- Table structure for table `items`
--

DROP TABLE IF EXISTS `items`;
/*!40101 SET @saved_cs_client     = @@character_set_client */;
/*!50503 SET character_set_client = utf8mb4 */;
CREATE TABLE `items` (
  `item_desc` varchar(500) NOT NULL,
  `item_name` varchar(245) NOT NULL,
  `item_img` varchar(245) NOT NULL,
  `form` varchar(150) NOT NULL,
  `manufacturer` varchar(150) NOT NULL,
  `uom_def` varchar(150) NOT NULL,
  `vom` varchar(45) DEFAULT NULL,
  `vom_def` double DEFAULT '0',
  `dosage` varchar(45) DEFAULT NULL,
  `dosage_def` double DEFAULT '0',
  `rol` int(11) NOT NULL DEFAULT '0',
  `users` int(11) NOT NULL,
  `entry_log` datetime NOT NULL,
  `last_modified` timestamp NOT NULL DEFAULT CURRENT_TIMESTAMP ON UPDATE CURRENT_TIMESTAMP,
  PRIMARY KEY (`item_desc`),
  KEY `form` (`form`),
  KEY `manufacturer` (`manufacturer`),
  KEY `uom_def` (`uom_def`),
  KEY `users` (`users`),
  CONSTRAINT `items_ibfk_1` FOREIGN KEY (`form`) REFERENCES `forms` (`form_name`),
  CONSTRAINT `items_ibfk_2` FOREIGN KEY (`manufacturer`) REFERENCES `manufacturer` (`manufacturer`),
  CONSTRAINT `items_ibfk_3` FOREIGN KEY (`uom_def`) REFERENCES `uom` (`uom_desc`) ON DELETE NO ACTION ON UPDATE NO ACTION,
  CONSTRAINT `items_ibfk_4` FOREIGN KEY (`users`) REFERENCES `users` (`userid`)
) ENGINE=InnoDB DEFAULT CHARSET=latin1;
/*!40101 SET character_set_client = @saved_cs_client */;

--
-- Dumping data for table `items`
--

LOCK TABLES `items` WRITE;
/*!40000 ALTER TABLE `items` DISABLE KEYS */;
INSERT INTO `items` VALUES ('1 Inch Plaster 0Mg (Others)','1 Inch','./img/1 Inch Plaster 0Mg (Others).png','Plaster','Others','Bottle','ml',0,'mg',0,3,2,'2020-12-25 10:09:28','2020-12-25 10:09:28'),('A.T,S(Tetanus) Injection 0G (Others)','A.T,S(Tetanus)','./img/DEFAULT.png','Injection','Others','Bottle','ml',0,'g',0,5,2,'2021-01-07 13:41:05','2021-01-07 13:41:05'),('Abidec Drop Drops 0G (Unicom)','Abidec Drop','./img/Abidec Drop Drops 0G (Unicom).jpg','Drops','Unicom','Bottle','ml',0,'g',0,1,2,'2020-11-24 12:35:01','2020-11-24 12:35:01'),('Abonike Ointments 0G (Others)','Abonike','./img/Abonike Ointments 0G (Others).png','Ointment','Others','Bottle','ml',0,'g',0,2,2,'2020-12-20 17:08:01','2020-12-20 17:08:01'),('Abyvita Capsule 0Mg (Baseline)','Abyvita Capsule','./img/Abyvita Capsule 0Mg (Baseline).jpg','Capsule','Baseline','Bottle','ml',0,'mg',0,3,2,'2020-11-24 11:30:03','2020-11-24 11:30:03'),('Abyvita Syrup 0Ml (Baseline)','Abyvita Syrup','./img/Abyvita Syrup 0Ml (Baseline).jpg','Syrup','Baseline','Bottle','ml',0,'ml',0,2,2,'2020-11-24 11:29:37','2020-11-24 11:29:37'),('Aciclovir 800Mg Tabs 0Mg (Uk)','Aciclovir 800Mg','./img/DEFAULT.png','Tablet','Uk','Bottle','ml',0,'mg',0,2,2,'2020-12-20 16:04:07','2020-12-20 16:04:07'),('Aciclovir(Virest) Creams 0G (Others)','Aciclovir(Virest)','./img/Aciclovir(Virest) Creams 0G (Others).png','Cream','Others','Bottle','ml',0,'g',0,2,2,'2020-12-23 19:57:53','2020-12-23 19:57:53'),('Acinil Suspensions 0Mg (Others)','Acinil','./img/Acinil Suspensions 0Mg (Others).png','Suspension','Others','Bottle','ml',0,'mg',0,2,2,'2020-12-20 10:02:44','2020-12-20 10:02:44'),('Actifed 12S Tabs 0G (Ernest Chemist)','Actifed 12S','./img/DEFAULT.png','Tablet','Ernest Chemist','Bottle','ml',0,'g',0,2,2,'2020-12-26 11:00:00','2020-12-26 11:00:00'),('Actifed Dry Cough Syrup 0L (Unicom)','Actifed Dry Cough','./img/Actifed Dry Cough Syrup 0L (Unicom).jpg','Syrup','Unicom','Bottle','ml',0,'l',0,2,2,'2020-11-24 11:10:30','2020-11-24 11:10:30'),('Actifed Multi-Action Dry Syrup 0G (Others)','Actifed Multi-Action Dry','./img/DEFAULT.png','Syrup','Others','Bottle','ml',0,'g',0,1,2,'2020-12-25 19:57:48','2020-12-25 19:57:48'),('Actifed Yellow Syrup 0G (Others)','Actifed Yellow','./img/DEFAULT.png','Syrup','Others','Bottle','ml',0,'g',0,2,2,'2021-01-09 19:00:53','2021-01-09 19:00:53'),('Actilife Multiv Tabs 0G (Osons)','Actilife Multiv','./img/DEFAULT.png','Tablet','Osons','Bottle','ml',0,'g',0,2,2,'2021-01-09 20:14:30','2021-01-09 20:14:30'),('Activated Charcoal Mouth Wash Syrup 0Ml (M&G)','Activated Charcoal Mouth Wash','./img/DEFAULT.png','Syrup','M&G','Bottle','ml',0,'ml',0,1,2,'2020-12-19 14:06:47','2020-12-19 14:06:47'),('Acypron Plus Syrup Syrup 0Ml (Baseline)','Acypron Plus Syrup','./img/DEFAULT.png','Syrup','Baseline','Bottle','ml',0,'ml',0,4,2,'2020-11-24 11:35:30','2020-11-24 11:35:30'),('Acypron Plus Tabs Tabs 0Ml (Baseline)','Acypron Plus Tabs','./img/DEFAULT.png','Tablet','Baseline','Bottle','ml',0,'ml',0,2,2,'2020-11-24 11:36:43','2020-11-24 11:36:43'),('Addyzoa Tabs 0G (Unicom)','Addyzoa','./img/Addyzoa Tabs 0G (Unicom).jpg','Tablet','Unicom','Bottle','ml',0,'g',0,1,2,'2020-12-25 13:57:13','2020-12-25 13:57:13'),('Adom Koo Bitters 0G (Others)','Adom Koo','./img/DEFAULT.png','Bitters','Others','Bottle','ml',0,'g',0,2,2,'2020-12-25 14:51:11','2020-12-25 14:51:11'),('Adom Koo Capsule 0G (Others)','Adom Koo','./img/DEFAULT.png','Capsule','Others','Bottle','ml',0,'g',0,2,2,'2020-12-20 17:36:36','2020-12-20 17:36:36'),('Adom Koo Ointments 0G (Others)','Adom Koo','./img/DEFAULT.png','Ointment','Others','Bottle','ml',0,'g',0,2,2,'2020-12-20 17:24:51','2020-12-20 17:24:51'),('Adom P-Away Capsule 0G (Others)','Adom P-Away','./img/DEFAULT.png','Capsule','Others','Bottle','ml',0,'g',0,1,2,'2020-12-20 17:29:03','2020-12-20 17:29:03'),('Agbeve Fever Syrup 0G (M&G)','Agbeve Fever','./img/DEFAULT.png','Syrup','M&G','Bottle','ml',0,'g',0,3,2,'2020-12-01 18:20:06','2020-12-01 18:20:06'),('Agbeve Tonic Syrup 0G (M&G)','Agbeve Tonic','./img/DEFAULT.png','Syrup','M&G','Bottle','ml',0,'g',0,4,2,'2020-12-01 18:19:35','2020-12-01 18:19:35'),('Alaphoid Mixture 0G (Others)','Alaphoid','./img/DEFAULT.png','Mixture','Others','Bottle','ml',0,'g',0,2,2,'2020-12-20 19:06:53','2020-12-20 19:06:53'),('Albee Suspensions 0G (Others)','Albee','./img/DEFAULT.png','Suspension','Others','Bottle','ml',0,'g',0,10,2,'2020-12-24 20:00:03','2020-12-24 20:00:03'),('Albee Tabs 0G (Others)','Albee','./img/DEFAULT.png','Tablet','Others','Bottle','ml',0,'g',0,10,2,'2020-12-24 19:59:44','2020-12-24 19:59:44'),('Albendazole Suspensions 0G (Others)','Albendazole','./img/DEFAULT.png','Suspension','Others','Bottle','ml',0,'g',0,4,2,'2020-12-24 20:26:24','2020-12-24 20:26:24'),('Alka Selzer Tabs 0G (Others)','Alka Selzer','./img/DEFAULT.png','Tablet','Others','Bottle','ml',0,'g',0,2,2,'2020-12-20 16:38:41','2020-12-20 16:38:41'),('Alpha Garlic Capsule 0G (Unicom)','Alpha Garlic','./img/alpha Garlic Capsule 0G (Unicom).jpg','Capsule','Unicom','Bottle','ml',0,'g',0,2,2,'2020-11-24 13:17:46','2020-11-24 13:17:46'),('Amcof Adult Syrup 0G (Baseline)','Amcof Adult','./img/DEFAULT.png','Syrup','Baseline','Bottle','ml',0,'g',0,3,2,'2020-11-24 13:03:30','2020-11-24 13:03:30'),('Amcof Baby Syrup 0Mg (Baseline)','Amcof Baby','./img/DEFAULT.png','Syrup','Baseline','Bottle','ml',0,'mg',0,3,2,'2020-11-24 13:02:14','2020-11-24 13:02:14'),('Amcof Jun Syrup 0G (Gb Pharma)','Amcof Jun','./img/DEFAULT.png','Syrup','Gb Pharma Limited','Bottle','ml',0,'g',0,3,2,'2020-11-24 13:02:41','2020-11-24 13:02:41'),('Aminopep Syrup 0Ml (Unicom)','Aminopep','./img/DEFAULT.png','Syrup','Unicom','Bottle','ml',0,'ml',0,1,2,'2020-11-24 11:24:31','2020-11-24 11:24:31'),('Amitryptyline 25Mg Tabs 0G (Uk)','Amitryptyline 25Mg','./img/DEFAULT.png','Tablet','Uk','Bottle','ml',0,'g',0,2,2,'2020-12-25 21:31:50','2020-12-25 21:31:50'),('Amlodipine 10Mg Tabs 0Mg (Teva)','Amlodipine 10Mg','./img/DEFAULT.png','Tablet','Teva','Bottle','ml',0,'mg',0,20,2,'2020-12-20 07:33:17','2020-12-20 07:33:17'),('Amlodipine 50Mg Tabs 0Mg (Crescent)','Amlodipine 50Mg','./img/DEFAULT.png','Tablet','Crescent','Bottle','ml',0,'mg',0,4,2,'2020-12-20 07:34:34','2020-12-20 07:34:34'),('Amlodipine 5Mg Tabs 0Mg (Teva)','Amlodipine 5Mg','./img/DEFAULT.png','Tablet','Teva','Bottle','ml',0,'mg',0,4,2,'2020-12-20 07:33:41','2020-12-20 07:33:41'),('Amoksiklav 1G Tabs 1Mg (Others)','Amoksiklav 1G','./img/DEFAULT.png','Tablet','Others','Bottle','ml',0,'mg',1,2,2,'2020-12-20 05:22:42','2020-12-20 05:22:42'),('Amoksiklav 228 Suspensions 1Ml (Others)','Amoksiklav 228','./img/DEFAULT.png','Suspension','Others','Bottle','ml',0,'ml',1,3,2,'2020-12-20 05:12:23','2020-12-20 05:12:23'),('Amoksiklav 457 Suspensions 1Ml (Others)','Amoksiklav 457','./img/DEFAULT.png','Suspension','Others','Bottle','ml',0,'ml',1,2,2,'2020-12-20 05:12:58','2020-12-20 05:12:58'),('Amoksiklav 625 Tabs 1Mg (Others)','Amoksiklav 625','./img/DEFAULT.png','Tablet','Others','Bottle','ml',0,'mg',1,3,2,'2020-12-20 05:11:49','2020-12-20 05:11:49'),('Amoxicillin Unichem Suspensions 0Mg (Unichem)','Amoxicillin Unichem','./img/DEFAULT.png','Suspension','Unichem Industries','Bottle','ml',0,'mg',0,4,2,'2020-12-20 05:36:33','2020-12-20 05:36:33'),('Amoxycillin 500Mg Eskay Capsule 1Mg (Eskay)','Amoxycillin 500Mg Eskay','./img/DEFAULT.png','Capsule','Eskay','Bottle','ml',0,'mg',1,10,2,'2020-12-20 05:37:37','2020-12-20 05:37:37'),('Amoxycillin 500Mg Uk Capsule 0Mg (Others)','Amoxycillin 500Mg Uk','./img/DEFAULT.png','Capsule','Others','Bottle','ml',0,'mg',0,2,2,'2020-12-20 05:37:03','2020-12-20 05:37:03'),('Amoxycillin Letap Capsule 1Others (Letap)','Amoxycillin Letap','./img/DEFAULT.png','Capsule','Letap','Bottle','ml',0,'others',1,20,2,'2020-12-20 04:53:16','2020-12-20 04:53:16'),('Amoxycillin Susp Ltp Suspensions 1Ml (Letap)','Amoxycillin Susp Ltp','./img/DEFAULT.png','Suspension','Letap','Bottle','ml',0,'ml',1,3,2,'2020-12-20 04:55:09','2020-12-20 04:55:09'),('Amoxycillin( Permoxyl) Suspensions 0Ml (Ernest Chemist)','Amoxycillin( Permoxyl)','./img/DEFAULT.png','Suspension','Ernest Chemist','Bottle','ml',0,'ml',0,4,2,'2020-12-20 05:35:57','2020-12-20 05:35:57'),('Amoxyl 250Mg Capsule 0G (Eskay)','Amoxyl 250Mg','./img/DEFAULT.png','Capsule','Eskay','Bottle','ml',0,'g',0,10,2,'2020-12-25 14:11:53','2020-12-25 14:11:53'),('Amoxyl Luex Suspensions 0G (Unicom)','Amoxyl Luex','./img/DEFAULT.png','Suspension','Unicom','Bottle','ml',0,'g',0,2,2,'2020-12-25 14:14:36','2020-12-25 14:14:36'),('Ampicillin Letap Capsule 1Others (Letap)','Ampicillin Letap','./img/DEFAULT.png','Capsule','Letap','Bottle','ml',0,'others',1,20,2,'2020-12-20 04:52:39','2020-12-20 04:52:39'),('Ampiclox Ecl Capsule 1Mg (Ernest Chemist)','Ampiclox Ecl','./img/DEFAULT.png','Capsule','Ernest Chemist','Bottle','ml',0,'mg',1,5,2,'2020-12-20 04:59:20','2020-12-20 04:59:20'),('Ampiclox Letap Capsule 1Mg (Letap)','Ampiclox Letap','./img/DEFAULT.png','Capsule','Letap','Bottle','ml',0,'mg',1,6,2,'2020-12-20 04:58:42','2020-12-20 04:58:42'),('Ampiclox Suspensions 1Ml (Ernest Chemist)','Ampiclox','./img/DEFAULT.png','Suspension','Ernest Chemist','Bottle','ml',0,'ml',1,3,2,'2020-12-20 04:59:47','2020-12-20 04:59:47'),('Anafranil Tabs 0G (Others)','Anafranil','./img/DEFAULT.png','Tablet','Others','Bottle','ml',0,'g',0,10,2,'2020-12-23 18:23:00','2020-12-23 18:23:00'),('Anusol Ointments 0G (Others)','Anusol','./img/DEFAULT.png','Ointment','Others','Bottle','ml',0,'g',0,1,2,'2020-12-23 20:04:58','2020-12-23 20:04:58'),('Anusol Supplement 0G (Others)','Anusol','./img/DEFAULT.png','Supplement','Others','Bottle','ml',0,'g',0,1,2,'2020-12-23 20:04:41','2020-12-23 20:04:41'),('Apeta Trust Syrup 0G (Baseline)','Apeta Trust','./img/DEFAULT.png','Syrup','Baseline','Bottle','ml',0,'g',0,2,2,'2020-11-24 11:45:07','2020-11-24 11:45:07'),('Apetamin Syrup 0Ml (Unicom)','Apetamin','./img/DEFAULT.png','Syrup','Unicom','Bottle','ml',0,'ml',0,3,2,'2020-11-24 11:25:38','2020-11-24 11:25:38'),('Apeti Syrup Syrup 0G (Baseline)','Apeti Syrup','./img/DEFAULT.png','Syrup','Baseline','Bottle','ml',0,'g',0,2,2,'2020-11-24 11:49:36','2020-11-24 11:49:36'),('Apeti Tabs Tabs 0G (Baseline)','Apeti Tabs','./img/DEFAULT.png','Tablet','Baseline','Bottle','ml',0,'g',0,5,2,'2020-11-24 11:50:15','2020-11-24 11:50:15'),('Apflu Syrup 0G (Gb Pharma)','Apflu','./img/DEFAULT.png','Syrup','Gb Pharma Limited','Bottle','ml',0,'g',0,2,2,'2020-11-24 14:07:45','2020-11-24 14:07:45'),('Apple Cider Others 0G (Bragg)','Apple Cider','./img/DEFAULT.png','Others','Bragg','Bottle','ml',0,'g',0,1,2,'2020-12-25 15:37:44','2020-12-25 15:37:44'),('Aptizoon Syrup 0G (Others)','Aptizoon','./img/DEFAULT.png','Syrup','Others','Bottle','ml',0,'g',0,1,2,'2020-12-27 21:48:03','2020-12-27 21:48:03'),('Aquafresh Big Teeth 6+ Paste 0G (Unicom)','Aquafresh Big Teeth 6+','./img/Aquafresh Big Teeth 6+ Paste 0G (Unicom).png','Paste','Unicom','Bottle','ml',0,'g',0,1,2,'2020-12-25 17:12:43','2020-12-25 17:12:43'),('Aquafresh Little Teeth 3-5Yrs Paste 0G (Unicom)','Aquafresh Little Teeth 3-5Yrs','./img/Aquafresh Little Teeth 3-5Yrs Paste 0G (Unicom).png','Paste','Unicom','Bottle','ml',0,'g',0,1,2,'2020-12-25 17:12:05','2020-12-25 17:12:05'),('Aquafresh Paste 0G (Unicom)','Aquafresh','./img/DEFAULT.png','Paste','Unicom','Bottle','ml',0,'g',0,2,2,'2020-12-25 16:19:43','2020-12-25 16:19:43'),('Arfan 24S Tabs 0L (Letap)','Arfan 24S','./img/DEFAULT.png','Tablet','Letap','Bottle','ml',0,'l',0,10,2,'2020-12-25 10:55:46','2020-12-25 10:55:46'),('Arfan Tabs 0G (Letap)','Arfan','./img/DEFAULT.png','Tablet','Letap','Bottle','ml',0,'g',0,10,2,'2020-12-25 10:55:02','2020-12-25 10:55:02'),('Ascoron Tonic Syrup 0G (Others)','Ascoron Tonic','./img/DEFAULT.png','Syrup','Others','Bottle','ml',0,'g',0,2,2,'2020-12-27 18:00:17','2020-12-27 18:00:17'),('Asmadrin Tabs 0G (Others)','Asmadrin','./img/DEFAULT.png','Tablet','Others','Bottle','ml',0,'g',0,10,2,'2020-12-26 17:07:05','2020-12-26 17:07:05'),('Asmanol Tabs 0G (Ernest Chemist)','Asmanol','./img/DEFAULT.png','Tablet','Ernest Chemist','Bottle','ml',0,'g',0,10,2,'2020-12-26 17:07:54','2020-12-26 17:07:54'),('Asnac 100Mg Capsule 0Mg (Ascot)','Asnac 100Mg','./img/DEFAULT.png','Capsule','Ascot','Bottle','ml',0,'mg',0,2,2,'2020-12-20 14:52:55','2020-12-20 14:52:55'),('Asnac 75Mg Capsule 0Mg (Ascot)','Asnac 75Mg','./img/DEFAULT.png','Capsule','Ascot','Bottle','ml',0,'mg',0,3,2,'2020-12-20 14:52:35','2020-12-20 14:52:35'),('Asnac Ointments 0G (Others)','Asnac','./img/DEFAULT.png','Ointment','Others','Bottle','ml',0,'g',0,2,2,'2020-12-27 22:14:20','2020-12-27 22:14:20'),('Aspanol All-In-One Syrup 0Ml (Baseline)','Aspanol All-In-One','./img/DEFAULT.png','Syrup','Baseline','Bottle','ml',0,'ml',0,2,2,'2020-11-24 11:20:20','2020-11-24 11:20:20'),('Aspanol Baby Sachet 0G (Kinapharma)','Aspanol Baby','./img/DEFAULT.png','Sachet','Kinapharma','Bottle','ml',0,'g',0,3,2,'2020-12-26 20:16:15','2020-12-26 20:16:15'),('Aspanol Baby Syrup 0G (Kinapharma)','Aspanol Baby','./img/DEFAULT.png','Syrup','Kinapharma','Bottle','ml',0,'g',0,5,2,'2020-12-26 20:22:20','2020-12-26 20:22:20'),('Aspanol Dry Syrup 0G (Unichem)','Aspanol Dry','./img/DEFAULT.png','Syrup','Unichem Industries','Bottle','ml',0,'g',0,3,2,'2020-11-24 13:44:33','2020-11-24 13:44:33'),('Aspanol Productive Syrup 0L (Pokupharma)','Aspanol Productive','./img/DEFAULT.png','Syrup','Pokupharma','Bottle','ml',0,'l',0,3,2,'2020-12-01 17:17:20','2020-12-01 17:17:20'),('Asthalex Cough Syrup 0G (Unicom)','Asthalex Cough','./img/DEFAULT.png','Syrup','Unicom','Bottle','ml',0,'g',0,3,2,'2020-11-24 13:01:44','2020-11-24 13:01:44'),('Astyfer Syrup Syrup 0Ml (Baseline)','Astyfer Syrup','./img/DEFAULT.png','Syrup','Baseline','Bottle','ml',0,'ml',0,2,2,'2020-11-24 11:26:36','2020-11-24 11:26:36'),('Astymin C Drop Syrup 0G (Unicom)','Astymin C Drop','./img/DEFAULT.png','Syrup','Unicom','Bottle','ml',0,'g',0,1,2,'2020-11-24 12:29:29','2020-11-24 12:29:29'),('Astymin Syrup Syrup 0Ml (Baseline)','Astymin Syrup','./img/DEFAULT.png','Syrup','Baseline','Bottle','ml',0,'ml',0,2,2,'2020-11-24 11:27:01','2020-11-24 11:27:01'),('Atenolol 50Mg Tabs 0G (Teva)','Atenolol 50Mg','./img/DEFAULT.png','Tablet','Teva','Bottle','ml',0,'g',0,10,2,'2020-12-20 07:34:09','2020-12-20 07:34:09'),('Atorvastatin 10Mg Tabs 0G (Teva)','Atorvastatin 10Mg','./img/DEFAULT.png','Tablet','Teva','Bottle','ml',0,'g',0,2,2,'2021-01-10 19:51:19','2021-01-10 19:51:19'),('Atorvastatin 20Mg Tabs 0G (Teva)','Atorvastatin 20Mg','./img/DEFAULT.png','Tablet','Teva','Bottle','ml',0,'g',0,2,2,'2021-01-10 19:56:16','2021-01-10 19:56:16'),('Augmentin 228 Suspensions 1Ml (Ernest Chemist)','Augmentin 228','./img/DEFAULT.png','Suspension','Ernest Chemist','Bottle','ml',0,'ml',1,1,2,'2020-12-20 05:10:52','2020-12-20 05:10:52'),('Augmentin 457 Suspensions 1Ml (Ernest Chemist)','Augmentin 457','./img/DEFAULT.png','Suspension','Ernest Chemist','Bottle','ml',0,'ml',1,1,2,'2020-12-20 05:11:18','2020-12-20 05:11:18'),('Auntie Mary Gripe Water Syrup 0G (Unicom)','Auntie Mary Gripe Water','./img/DEFAULT.png','Syrup','Unicom','Bottle','ml',0,'g',0,6,2,'2020-11-24 12:50:17','2020-11-24 12:50:17'),('Avomine Tabs 0G (Others)','Avomine','./img/DEFAULT.png','Tablet','Others','Bottle','ml',0,'g',0,5,2,'2020-12-28 20:15:21','2020-12-28 20:15:21'),('Azilex Capsule 1Mg (Unichem)','Azilex','./img/DEFAULT.png','Capsule','Unichem Industries','Bottle','ml',0,'mg',1,3,2,'2020-12-20 05:08:56','2020-12-20 05:08:56'),('Azilex Suspensions 1Ml (Unichem)','Azilex','./img/DEFAULT.png','Suspension','Unichem Industries','Bottle','ml',0,'ml',1,3,2,'2020-12-20 05:09:22','2020-12-20 05:09:22'),('Azithromycin Capsule 1Mg (Others)','Azithromycin','./img/DEFAULT.png','Capsule','Others','Bottle','ml',0,'mg',1,3,2,'2020-12-20 05:10:13','2020-12-20 05:10:13'),('Azithromycin(Zymax) 250Mg Capsule 0G (Exeter)','Azithromycin(Zymax) 250Mg','./img/DEFAULT.png','Capsule','Exeter','Bottle','ml',0,'g',0,3,2,'2021-01-07 17:53:50','2021-01-07 17:53:50'),('Azomax 500Mg Capsule 0G (Others)','Azomax 500Mg','./img/DEFAULT.png','Capsule','Others','Bottle','ml',0,'g',0,1,2,'2020-12-26 10:36:44','2020-12-26 10:36:44'),('B-Co Strong Krka Tabs 0G (Unicom)','B-Co Strong Krka','./img/B-Co Strong Krka Tabs 0G (Unicom).png','Tablet','Unicom','Bottle','ml',0,'g',0,1,2,'2020-11-24 13:27:23','2020-11-24 13:27:23'),('B-Co Strong Uk Tabs 0G (Unicom)','B-Co Strong Uk','./img/B-Co Strong Krka Tabs 0G (Unicom).png','Tablet','Unicom','Bottle','ml',0,'g',0,2,2,'2020-11-24 13:28:11','2020-11-24 13:28:11'),('B-Co Tabs 0G (Ernest Chemist)','B-Co','./img/DEFAULT.png','Tablet','Ernest Chemist','Bottle','ml',0,'g',0,10,2,'2020-12-26 16:59:53','2020-12-26 16:59:53'),('B-Co Tabs 0G (Letap)','B-Co','./img/DEFAULT.png','Tablet','Letap','Bottle','ml',0,'g',0,10,2,'2020-12-30 20:30:31','2020-12-30 20:30:31'),('Baby Lintus Cough Syrup 0G (Ernest Chemist)','Baby Lintus Cough','./img/DEFAULT.png','Syrup','Ernest Chemist','Bottle','ml',0,'g',0,3,2,'2020-12-26 20:07:51','2020-12-26 20:07:51'),('Badruf Creams 0G (Others)','Badruf','./img/DEFAULT.png','Cream','Others','Bottle','ml',0,'g',0,2,2,'2020-12-25 11:11:51','2020-12-25 11:11:51'),('Base Vita Tabs Tabs 0G (Osons)','Base Vita Tabs','./img/DEFAULT.png','Tablet','Osons','Bottle','ml',0,'g',0,2,2,'2020-12-01 17:52:33','2020-12-01 17:52:33'),('Basecold Syrup Syrup 0G (Baseline)','Basecold Syrup','./img/DEFAULT.png','Syrup','Baseline','Bottle','ml',0,'g',0,4,2,'2020-12-01 16:51:01','2020-12-01 16:51:01'),('Basecold Tabs 0G (Baseline)','Basecold','./img/DEFAULT.png','Tablet','Baseline','Bottle','ml',0,'g',0,3,2,'2021-01-11 21:49:52','2021-01-11 21:49:52'),('Basevita Tabs 0G (Baseline)','Basevita','./img/DEFAULT.png','Tablet','Baseline','Bottle','ml',0,'g',0,2,2,'2020-12-29 19:09:06','2020-12-29 19:09:06'),('Becoatin Syrup 0G (Others)','Becoatin','./img/DEFAULT.png','Syrup','Others','Bottle','ml',0,'g',0,4,2,'2020-12-25 10:44:18','2020-12-25 10:44:18'),('Becoatin Tabs 0G (Others)','Becoatin','./img/DEFAULT.png','Tablet','Others','Bottle','ml',0,'g',0,2,2,'2020-12-25 10:44:36','2020-12-25 10:44:36'),('Beehive Syrup 0Ml (Unicom)','Beehive Syrup','./img/Beehive Syrup 0Ml (Unicom).png','Syrup','Unicom','Bottle','ml',0,'ml',0,1,2,'2020-11-24 11:19:04','2020-11-24 11:19:04'),('Bells Antacid Suspensions 0G (Others)','Bells Antacid','./img/DEFAULT.png','Suspension','Others','Bottle','ml',0,'g',0,2,2,'2020-12-20 16:56:11','2020-12-20 16:56:11'),('Bells Baby Cough Syrup 0G (Unicom)','Bells Baby Cough','./img/Bells Baby Cough Syrup 0G (Unicom).png','Syrup','Unicom','Bottle','ml',0,'g',0,2,2,'2020-11-24 12:52:07','2020-11-24 12:52:07'),('Bells Children Cough Syrup 0G (Baseline)','Bells Children Cough','./img/DEFAULT.png','Syrup','Baseline','Bottle','ml',0,'g',0,2,2,'2020-11-24 12:53:05','2020-11-24 12:53:05'),('Bells Cough Spray 0Ml (Unicom)','Bella Cough','./img/DEFAULT.png','Spray','Unicom','Bottle','ml',0,'ml',0,4,2,'2020-11-24 11:23:59','2020-11-24 11:23:59'),('Bells Olive Oil 0Mg (Others)','Bells Olive','./img/DEFAULT.png','Oil','Others','Bottle','ml',0,'mg',0,3,2,'2020-12-20 16:24:24','2020-12-20 16:24:24'),('Bendro 2.5Mg Tabs 0Mg (Ernest Chemist)','Bendro 2.5Mg','./img/DEFAULT.png','Tablet','Ernest Chemist','Bottle','ml',0,'mg',0,10,2,'2020-12-20 07:35:10','2020-12-20 07:35:10'),('Bendro 2.5Mg Tabs 0Mg (Uk)','Bendro 2.5Mg','./img/DEFAULT.png','Tablet','Uk','Bottle','ml',0,'mg',0,4,2,'2020-12-20 07:37:50','2020-12-20 07:37:50'),('Bendro 5Mg Tabs 0G (Ernest Chemist)','Bendro 5Mg','./img/DEFAULT.png','Tablet','Ernest Chemist','Bottle','ml',0,'g',0,10,2,'2020-12-26 16:51:10','2020-12-26 16:51:10'),('Bendro 5Mg Tabs 0Mg (Uk)','Bendro 5Mg','./img/DEFAULT.png','Tablet','Uk','Bottle','ml',0,'mg',0,4,2,'2020-12-20 07:38:08','2020-12-20 07:38:08'),('Benylin 4 Flu Small Syrup 0G (Baseline)','Benylin 4 Flu Small','./img/DEFAULT.png','Syrup','Baseline','Bottle','ml',0,'g',0,1,2,'2020-11-24 12:25:34','2020-11-24 12:25:34'),('Benylin Chesty Cough Syrup 0G (Unicom)','Benylin Chesty Cough','./img/Benylin Chesty Cough Syrup 0G (Unicom).png','Syrup','Unicom','Bottle','ml',0,'g',0,1,2,'2020-11-24 12:20:12','2020-11-24 12:20:12'),('Benylin Child Chesty Syrup 0G (Unicom)','Benylin Child Chesty','./img/Benylin Chesty Cough Syrup 0G (Unicom).png','Syrup','Unicom','Bottle','ml',0,'g',0,1,2,'2021-01-15 19:37:11','2021-01-15 19:37:11'),('Benylin Children Night Cough Syrup 0L (Unicom)','Benylin Children Night Cough','./img/Benylin Children Night Cough Syrup 0L (Unicom).png','Syrup','Unicom','Bottle','ml',0,'l',0,2,2,'2020-11-24 11:12:02','2020-11-24 11:12:02'),('Benylin Dry & Tickly Cough Syrup 0G (Baseline)','Benylin Dry & Tickly Cough','./img/DEFAULT.png','Syrup','Baseline','Bottle','ml',0,'g',0,1,2,'2020-11-24 12:19:41','2020-11-24 12:19:41'),('Benylin Dry Cough Syrup 0G (Baseline)','Benylin Dry Cough','./img/DEFAULT.png','Syrup','Baseline','Bottle','ml',0,'g',0,1,2,'2020-11-24 12:23:26','2020-11-24 12:23:26'),('Benylin Original Syrup 0G (Uk)','Benylin Original','./img/DEFAULT.png','Syrup','Uk','Bottle','ml',0,'g',0,2,2,'2021-01-07 18:05:24','2021-01-07 18:05:24'),('Bestvit Tabs 0G (Others)','Bestvit','./img/DEFAULT.png','Tablet','Others','Bottle','ml',0,'g',0,1,2,'2020-12-26 14:45:04','2020-12-26 14:45:04'),('Betazol Creams 0G (Shalina)','Betazol','./img/DEFAULT.png','Cream','Shalina','Bottle','ml',0,'g',0,2,2,'2020-12-23 21:55:26','2020-12-23 21:55:26'),('Betoptic Eye Drop 0G (Others)','Betoptic Eye','./img/DEFAULT.png','Drops','Others','Bottle','ml',0,'g',0,1,2,'2020-12-20 07:10:34','2020-12-20 07:10:34'),('Bg-Glutamin Tabs 0G (Tobinco)','Bg-Glutamin','./img/DEFAULT.png','Tablet','Tobinco','Bottle','ml',0,'g',0,1,2,'2020-12-21 21:22:08','2020-12-21 21:22:08'),('Big Ben Tabs 0G (Others)','Big Ben','./img/DEFAULT.png','Tablet','Others','Bottle','ml',0,'g',0,1,2,'2020-12-23 18:38:45','2020-12-23 18:38:45'),('Bio 60Ml Oil 0G (Unicom)','Bio 60Ml','./img/Bio 60Ml Oil 0G (Unicom).png','Oil','Unicom','Bottle','ml',0,'g',0,1,2,'2020-12-25 12:25:00','2020-12-25 12:25:00'),('Bio Oil 0G (Unicom)','Bio','./img/Bio 60Ml Oil 0G (Unicom).png','Oil','Unicom','Bottle','ml',0,'g',0,1,2,'2020-12-25 12:23:41','2020-12-25 12:23:41'),('Bioferon Capsule 0G (Ernest Chemist)','Bioferon','./img/DEFAULT.png','Capsule','Ernest Chemist','Bottle','ml',0,'g',0,1,2,'2020-12-25 11:13:08','2020-12-25 11:13:08'),('Bioferon Syrup 0G (Ernest Chemist)','Bioferon','./img/DEFAULT.png','Syrup','Ernest Chemist','Bottle','ml',0,'g',0,2,2,'2020-12-25 11:13:27','2020-12-25 11:13:27'),('Bisacodyl Tabs 0G (Others)','Bisacodyl','./img/DEFAULT.png','Tablet','Others','Bottle','ml',0,'g',0,5,2,'2020-12-26 21:15:21','2020-12-26 21:15:21'),('Biva Plus Syrup Syrup 0G (Baseline)','Biva Plus Syrup','./img/DEFAULT.png','Syrup','Baseline','Bottle','ml',0,'g',0,2,2,'2020-12-01 17:38:15','2020-12-01 17:38:15'),('Biva Plus Tabs Tabs 0G (Baseline)','Biva Plus Tabs','./img/DEFAULT.png','Tablet','Baseline','Bottle','ml',0,'g',0,2,2,'2020-12-01 17:38:44','2020-12-01 17:38:44'),('Blopen Ointments 0G (Tobinco)','Blopen','./img/DEFAULT.png','Ointment','Tobinco','Bottle','ml',0,'g',0,2,2,'2020-12-27 15:40:37','2020-12-27 15:40:37'),('Blumoon Tabs 0G (Others)','Blumoon','./img/DEFAULT.png','Tablet','Others','Bottle','ml',0,'g',0,2,2,'2020-12-23 18:07:46','2020-12-23 18:07:46'),('Bonaplex Syrup Syrup 0G (Kinapharma)','Bonaplex Syrup','./img/DEFAULT.png','Syrup','Kinapharma','Bottle','ml',0,'g',0,3,2,'2020-11-24 13:38:10','2020-11-24 13:38:10'),('Bonjela Adult Creams 0Others (Unichem)','Bonjela Adult','./img/DEFAULT.png','Cream','Unichem Industries','Bottle','ml',0,'others',0,1,2,'2020-12-19 16:10:50','2020-12-19 16:10:50'),('Bonjela Child Creams 0Others (Unichem)','Bonjela Child','./img/DEFAULT.png','Cream','Unichem Industries','Bottle','ml',0,'others',0,1,2,'2020-12-19 16:10:21','2020-12-19 16:10:21'),('Bonnisan Syrup 0L (Unichem)','Bonnisan','./img/DEFAULT.png','Syrup','Unichem Industries','Bottle','ml',0,'l',0,3,2,'2020-11-24 11:14:02','2020-11-24 11:14:02'),('Borges 125Ml Oil 0G (Others)','Borges 125Ml','./img/DEFAULT.png','Oil','Others','Bottle','ml',0,'g',0,3,2,'2020-12-20 16:21:26','2020-12-20 16:21:26'),('Borges 250Ml Oil 0L (Others)','Borges 250Ml','./img/DEFAULT.png','Oil','Others','Bottle','ml',0,'l',0,2,2,'2020-12-20 16:21:06','2020-12-20 16:21:06'),('Borges 500Ml Oil 0Mg (Others)','Borges 500Ml','./img/DEFAULT.png','Oil','Others','Bottle','ml',0,'mg',0,1,2,'2020-12-20 16:21:46','2020-12-20 16:21:46'),('Borges Small Oil 0G (Others)','Borges Small','./img/DEFAULT.png','Oil','Others','Bottle','ml',0,'g',0,3,2,'2020-12-20 16:20:31','2020-12-20 16:20:31'),('Boric Spirit Drop 0G (Others)','Boric Spirit','./img/DEFAULT.png','Drops','Others','Bottle','ml',0,'g',0,2,2,'2020-12-21 18:27:26','2020-12-21 18:27:26'),('Brenex Syrup 0G (Others)','Brenex','./img/DEFAULT.png','Syrup','Others','Bottle','ml',0,'g',0,1,2,'2020-12-26 14:39:21','2020-12-26 14:39:21'),('Broncold Syrup Syrup 0Ml (Unicom)','Broncold Syrup','./img/Broncold Syrup Syrup 0Ml (Unicom).png','Syrup','Unicom','Bottle','ml',0,'ml',0,1,2,'2020-11-24 11:18:36','2020-11-24 11:18:36'),('Brufen 400Mg Tabs 0Mg (Ernest Chemist)','Brufen 400Mg','./img/DEFAULT.png','Tablet','Ernest Chemist','Bottle','ml',0,'mg',0,10,2,'2020-12-20 09:25:14','2020-12-20 09:25:14'),('Brufen(Gofex) Tabs 0Mg (Others)','Brufen( Gofex)','./img/DEFAULT.png','Tablet','Others','Bottle','ml',0,'mg',0,1,2,'2020-12-20 15:19:35','2020-12-20 15:19:35'),('Buscopan Tabs 0Mg (Others)','Buscopan','./img/DEFAULT.png','Tablet','Others','Bottle','ml',0,'mg',0,6,2,'2020-12-20 15:19:57','2020-12-20 15:19:57'),('Cadiphen Syrup Syrup 0G (Baseline)','Cadiphen Syrup','./img/DEFAULT.png','Syrup','Baseline','Bottle','ml',0,'g',0,2,2,'2020-11-24 12:14:58','2020-11-24 12:14:58'),('Calamine Ointments 0G (Others)','Calamine','./img/DEFAULT.png','Ointment','Others','Bottle','ml',0,'g',0,2,2,'2020-12-20 17:05:59','2020-12-20 17:05:59'),('Calpol 2+ Syrup 0G (Baseline)','Calpol 2+','./img/DEFAULT.png','Syrup','Baseline','Bottle','ml',0,'g',0,1,2,'2020-11-24 12:27:18','2020-11-24 12:27:18'),('Calpol 6+ Syrup 0G (Uk)','Calpol 6+','./img/DEFAULT.png','Syrup','Uk','Bottle','ml',0,'g',0,1,2,'2020-12-25 15:39:47','2020-12-25 15:39:47'),('Calprofen Syrup 0G (Unicom)','Calprofen','./img/Calprofen Syrup 0G (Unicom).png','Syrup','Unicom','Bottle','ml',0,'g',0,1,2,'2021-01-15 19:48:53','2021-01-15 19:48:53'),('Camel 125Mg Others 0G (Others)','Camel 125Mg','./img/DEFAULT.png','Others','Others','Bottle','ml',0,'g',0,2,2,'2020-12-22 18:57:30','2020-12-22 18:57:30'),('Camel 250Ml Others 0G (Others)','Camel 250Ml','./img/DEFAULT.png','Others','Others','Bottle','ml',0,'g',0,2,2,'2020-12-22 18:57:48','2020-12-22 18:57:48'),('Canderel 400S Tabs 0G (Unicom)','Canderel 400S','./img/Canderel 400S Tabs 0G (Unicom).jpg','Tablet','Unicom','Bottle','ml',0,'g',0,0,2,'2020-12-25 09:55:48','2020-12-25 09:55:48'),('Candibiotic Drop 0G (Others)','Candibiotic','./img/DEFAULT.png','Drops','Others','Bottle','ml',0,'g',0,1,2,'2020-12-21 18:20:14','2020-12-21 18:20:14'),('Candid B Creams 0G (Osons)','Candid B','./img/DEFAULT.png','Cream','Osons','Bottle','ml',0,'g',0,2,2,'2020-12-23 19:56:37','2020-12-23 19:56:37'),('Candid Creams 0G (Osons)','Candid','./img/DEFAULT.png','Cream','Osons','Bottle','ml',0,'g',0,2,2,'2020-12-23 19:56:17','2020-12-23 19:56:17'),('Candid Lotion 0Others (Unichem)','Candid','./img/DEFAULT.png','Lotion','Unichem Industries','Bottle','ml',0,'others',0,2,2,'2020-12-19 17:39:29','2020-12-19 17:39:29'),('Candid Mouth Paint 0Others (Unichem)','Candid Mouth','./img/DEFAULT.png','Paint','Unichem Industries','Bottle','ml',0,'others',0,2,2,'2020-12-19 17:37:53','2020-12-19 17:37:53'),('Candid V1 Pessaries 0G (Others)','Candid V1','./img/DEFAULT.png','Pessaries','Others','Bottle','ml',0,'g',0,3,2,'2020-12-21 21:09:30','2020-12-21 21:09:30'),('Candid V3 Pessaries 0G (Others)','Candid V3','./img/DEFAULT.png','Pessaries','Others','Bottle','ml',0,'g',0,3,2,'2020-12-21 21:09:06','2020-12-21 21:09:06'),('Candid V6 Pessaries 0G (Others)','Candid V6','./img/DEFAULT.png','Pessaries','Others','Bottle','ml',0,'g',0,2,2,'2020-12-21 21:08:45','2020-12-21 21:08:45'),('Candiderm Creams 0G (Others)','Candiderm','./img/DEFAULT.png','Cream','Others','Bottle','ml',0,'g',0,3,2,'2020-12-23 19:56:58','2020-12-23 19:56:58'),('Cartef Ds Tabs 0G (Gb)','Cartef Ds','./img/DEFAULT.png','Tablet','Gb Pharma Limited','Bottle','ml',0,'g',0,2,2,'2021-01-15 19:39:52','2021-01-15 19:39:52'),('Castor Oil 0G (Others)','Castor','./img/DEFAULT.png','Oil','Others','Bottle','ml',0,'g',0,1,2,'2020-12-20 16:23:55','2020-12-20 16:23:55'),('Cataflam Tabs 0Mg (Ernest Chemist)','Cataflam','./img/DEFAULT.png','Tablet','Ernest Chemist','Bottle','ml',0,'mg',0,1,2,'2020-12-20 14:53:20','2020-12-20 14:53:20'),('Cefixime(Enafix) Suspensions 1Ml (Ernest Chemist)','Cefixime(Enafix)','./img/DEFAULT.png','Suspension','Ernest Chemist','Bottle','ml',0,'ml',1,1,2,'2020-12-20 05:08:27','2020-12-20 05:08:27'),('Cefixime(Enafix) Tabs 1Mg (Ernest Chemist)','Cefixime(Enafix)','./img/DEFAULT.png','Tablet','Ernest Chemist','Bottle','ml',0,'mg',1,1,2,'2020-12-20 05:07:48','2020-12-20 05:07:48'),('Ceftriaxone 1G Injection 0G (Others)','Ceftriaxone 1G','./img/DEFAULT.png','Injection','Others','Bottle','ml',0,'g',0,2,2,'2020-12-21 21:07:53','2020-12-21 21:07:53'),('Cefuroxime(Enacef) 250Mg Tabs 0G (Ernest Chemist)','Cefuroxime(Enacef) 250Mg','./img/DEFAULT.png','Tablet','Ernest Chemist','Bottle','ml',0,'g',0,1,2,'2020-12-25 15:54:58','2020-12-25 15:54:58'),('Celecoxib Tabs 0Mg (Exeter)','Celecoxib','./img/DEFAULT.png','Tablet','Exeter','Bottle','ml',0,'mg',0,1,2,'2020-12-20 15:24:49','2020-12-20 15:24:49'),('Cetapol Pm Syrup 0G (Others)','Cetapol Pm','./img/DEFAULT.png','Syrup','Others','Bottle','ml',0,'g',0,2,2,'2020-12-25 15:31:08','2020-12-25 15:31:08'),('Cetapol Syrup Syrup 0G (Gb Pharma)','Cetapol Syrup','./img/DEFAULT.png','Syrup','Gb Pharma Limited','Bottle','ml',0,'g',0,5,2,'2020-11-24 14:02:30','2020-11-24 14:02:30'),('Cetrizan Syrup 0G (Ernest Chemist)','Cetrizan','./img/DEFAULT.png','Syrup','Ernest Chemist','Bottle','ml',0,'g',0,2,2,'2020-12-25 11:54:53','2020-12-25 11:54:53'),('Cetrizine Tabs 0Mg (Others)','Cetrizine','./img/DEFAULT.png','Tablet','Others','Bottle','ml',0,'mg',0,5,2,'2020-12-20 16:10:15','2020-12-20 16:10:15'),('Childcare Cough Night Rest Syrup 0G (Baseline)','Childcare Cough Night Rest','./img/DEFAULT.png','Syrup','Baseline','Bottle','ml',0,'g',0,3,2,'2020-11-24 13:57:55','2020-11-24 13:57:55'),('Childcare Cough Syrup 0G (Gb Pharma)','Childcare Cough','./img/DEFAULT.png','Syrup','Gb Pharma Limited','Bottle','ml',0,'g',0,3,2,'2020-11-24 13:59:14','2020-11-24 13:59:14'),('Chloram Ear Drop 0L (Others)','Chloram Ear','./img/DEFAULT.png','Drops','Others','Bottle','ml',0,'l',0,6,2,'2020-12-20 07:04:22','2020-12-20 07:04:22'),('Chloram Eye Drop 0Ml (Others)','Chloram Eye','./img/DEFAULT.png','Drops','Others','Bottle','ml',0,'ml',0,6,2,'2020-12-20 07:03:58','2020-12-20 07:03:58'),('Chloram Eye Ointments 0G (Others)','Chloram Eye','./img/DEFAULT.png','Ointment','Others','Bottle','ml',0,'g',0,3,2,'2020-12-20 07:23:20','2020-12-20 07:23:20'),('Chloramphinicol Capsule 1Mg (Letap)','Chloramphinicol','./img/DEFAULT.png','Capsule','Letap','Bottle','ml',0,'mg',1,10,2,'2020-12-20 04:58:10','2020-12-20 04:58:10'),('Chocho Creams 0G (Others)','Chocho','./img/DEFAULT.png','Cream','Others','Bottle','ml',0,'g',0,2,2,'2020-12-25 20:36:03','2020-12-25 20:36:03'),('Chocho Soap 0G (Others)','Chocho','./img/DEFAULT.png','Soap','Others','Bottle','ml',0,'g',0,2,2,'2020-12-25 20:36:22','2020-12-25 20:36:22'),('Cipro Generic Tabs 0G (Unicom)','Cipro Generic','./img/Cipro Generic Tabs 0G (Unicom).png','Tablet','Unicom','Bottle','ml',0,'g',0,2,2,'2020-12-29 19:26:28','2020-12-29 19:26:28'),('Cipro Suspensions 0G (Others)','Cipro','./img/DEFAULT.png','Suspension','Others','Bottle','ml',0,'g',0,1,2,'2020-12-20 15:39:00','2020-12-20 15:39:00'),('Cipro Suspensions 1Ml (Others)','Cipro','./img/DEFAULT.png','Suspension','Others','Bottle','ml',0,'ml',1,1,2,'2020-12-20 05:17:50','2020-12-20 05:17:50'),('Ciprolex Drop 0L (Unichem)','Ciprolex','./img/DEFAULT.png','Drops','Unichem Industries','Bottle','ml',0,'l',0,3,2,'2020-12-20 07:05:05','2020-12-20 07:05:05'),('Ciprolex Eye Drop 0G (Unichem)','Ciprolex Eye','./img/DEFAULT.png','Drops','Unichem Industries','Bottle','ml',0,'g',0,2,2,'2020-12-25 16:11:51','2020-12-25 16:11:51'),('Ciprolex Tabs 1Mg (Unichem)','Ciprolex','./img/DEFAULT.png','Tablet','Unichem Industries','Bottle','ml',0,'mg',1,3,2,'2020-12-20 05:01:49','2020-12-20 05:01:49'),('Ciprolex Tz Tabs 1Mg (Unichem)','Ciprolex Tz','./img/DEFAULT.png','Tablet','Unichem Industries','Bottle','ml',0,'mg',1,3,2,'2020-12-20 05:02:08','2020-12-20 05:02:08'),('Cirotamin Capsule Capsule 0G (Unicom)','Cirotamin Capsule','./img/DEFAULT.png','Capsule','Unicom','Bottle','ml',0,'g',0,2,2,'2020-11-24 13:32:15','2020-11-24 13:32:15'),('Cirotamin Syrup Syrup 0G (Unicom)','Cirotamin Syrup','./img/DEFAULT.png','Syrup','Unicom','Bottle','ml',0,'g',0,2,2,'2020-11-24 13:31:54','2020-11-24 13:31:54'),('Cirotamin Syrup Syrup 0Ml (Unicom)','Cirotamin Syrup','./img/DEFAULT.png','Syrup','Unicom','Bottle','ml',0,'ml',0,2,2,'2020-11-24 13:31:14','2020-11-24 13:31:14'),('Citro C Tabs 0G (Others)','Citro C','./img/DEFAULT.png','Tablet','Others','Bottle','ml',0,'g',0,10,2,'2020-12-24 22:27:50','2020-12-24 22:27:50'),('Clamide Tabs 0G (Hovid)','Clamide','./img/DEFAULT.png','Tablet','Hovid','Bottle','ml',0,'g',0,5,2,'2021-01-07 17:52:56','2021-01-07 17:52:56'),('Clarythromycin Tabs 1Mg (Others)','Clarythromycin','./img/DEFAULT.png','Tablet','Others','Bottle','ml',0,'mg',1,1,2,'2020-12-20 05:17:30','2020-12-20 05:17:30'),('Clavulin 228 Suspensions 1Ml (Unichem)','Clavulin 228','./img/DEFAULT.png','Suspension','Unichem Industries','Bottle','ml',0,'ml',1,2,2,'2020-12-20 05:23:05','2020-12-20 05:23:05'),('Clavulin 625 Tabs 1Mg (Unichem)','Clavulin 625','./img/DEFAULT.png','Tablet','Unichem Industries','Bottle','ml',0,'mg',1,2,2,'2020-12-20 05:23:24','2020-12-20 05:23:24'),('Cleasing Charcoal Paste 0G (Others)','Cleasing Charcoal','./img/DEFAULT.png','Paste','Others','Bottle','ml',0,'g',0,1,2,'2020-12-26 20:56:41','2020-12-26 20:56:41'),('Clindamycin 150Mg Capsule 1Mg (Others)','Clindamycin 150Mg','./img/DEFAULT.png','Capsule','Others','Bottle','ml',0,'mg',1,2,2,'2020-12-20 05:16:35','2020-12-20 05:16:35'),('Clindamycin 300Mg Tabs 1Mg (Others)','Clindamycin 300Mg','./img/DEFAULT.png','Tablet','Others','Bottle','ml',0,'mg',1,3,2,'2020-12-20 05:17:07','2020-12-20 05:17:07'),('Clindamycin(Tidact) Creams 0G (Others)','Clindamycin(Tidact)','./img/DEFAULT.png','Cream','Others','Bottle','ml',0,'g',0,1,2,'2020-12-28 13:10:31','2020-12-28 13:10:31'),('Clodol Ointments 0G (Eskay)','Clodol','./img/DEFAULT.png','Ointment','Eskay','Bottle','ml',0,'g',0,2,2,'2020-12-27 15:39:17','2020-12-27 15:39:17'),('Clomid Tabs 0Others (Unichem)','Clomid','./img/DEFAULT.png','Tablet','Unichem Industries','Bottle','ml',0,'others',0,1,2,'2020-12-19 17:39:45','2020-12-19 17:39:45'),('Clopidogrel 75Mg Tabs 0G (Others)','Clopidogrel 75Mg','./img/DEFAULT.png','Tablet','Others','Bottle','ml',0,'g',0,1,2,'2020-12-25 14:42:48','2020-12-25 14:42:48'),('Clotri Denk Creams 0G (Others)','Clotri Denk','./img/DEFAULT.png','Cream','Others','Bottle','ml',0,'g',0,2,2,'2020-12-23 20:06:38','2020-12-23 20:06:38'),('Clotri Denk Pessaries 0G (Denk)','Clotri Denk','./img/DEFAULT.png','Pessaries','Denk','Bottle','ml',0,'g',0,2,2,'2020-12-23 20:06:14','2020-12-23 20:06:14'),('Clotri-Denk Pessaries 0G (Denk)','Clotri-Denk','./img/DEFAULT.png','Pessaries','Denk','Bottle','ml',0,'g',0,2,2,'2020-12-21 21:20:04','2020-12-21 21:20:04'),('Coartem 12S Tabs 0Mg (Unichem)','Coartem 12S','./img/DEFAULT.png','Tablet','Unichem Industries','Bottle','ml',0,'mg',0,2,2,'2020-12-20 08:05:15','2020-12-20 08:05:15'),('Coartem 18S Tabs 0G (Unicom)','Coartem 18S','./img/DEFAULT.png','Tablet','Unicom','Bottle','ml',0,'g',0,2,2,'2020-12-20 08:05:44','2020-12-20 08:05:44'),('Coartem Adult Tabs 0Mg (Unichem)','Coartem Adult','./img/DEFAULT.png','Tablet','Unichem Industries','Bottle','ml',0,'mg',0,2,2,'2020-12-20 08:04:52','2020-12-20 08:04:52'),('Cod Liver Capsule Capsule 0G (Osons)','Cod Liver Capsule','./img/DEFAULT.png','Capsule','Osons','Bottle','ml',0,'g',0,5,2,'2020-12-01 17:37:40','2020-12-01 17:37:40'),('Cod Liver Capsule Capsule 0G (Unicom)','Cod Liver Capsule','./img/DEFAULT.png','Capsule','Unicom','Bottle','ml',0,'g',0,5,2,'2020-11-24 13:30:44','2020-11-24 13:30:44'),('Cold Naso Drop 0G (Others)','Cold Naso','./img/DEFAULT.png','Drops','Others','Bottle','ml',0,'g',0,2,2,'2020-12-21 18:27:10','2020-12-21 18:27:10'),('Cold Naso Drop 0Mg (Others)','Cold Naso','./img/DEFAULT.png','Drops','Others','Bottle','ml',0,'mg',0,4,2,'2020-12-23 18:01:47','2020-12-23 18:01:47'),('Coldcare Syrup Syrup 0G (Unichem)','Coldcare Syrup','./img/DEFAULT.png','Syrup','Unichem Industries','Bottle','ml',0,'g',0,2,2,'2020-12-01 16:54:19','2020-12-01 16:54:19'),('Coldiron Syrup Syrup 0G (Osons)','Coldiron Syrup','./img/DEFAULT.png','Syrup','Osons','Bottle','ml',0,'g',0,3,2,'2020-12-01 16:52:57','2020-12-01 16:52:57'),('Coldrilif Capsule 0G (Tobinco)','Coldrilif Capsule','./img/DEFAULT.png','Capsule','Tobinco','Bottle','ml',0,'g',0,5,2,'2020-12-01 16:55:15','2020-12-01 16:55:15'),('Coldrilif Syrup Syrup 0G (Unichem)','Coldrilif Syrup','./img/DEFAULT.png','Syrup','Unichem Industries','Bottle','ml',0,'g',0,4,2,'2020-12-01 16:54:44','2020-12-01 16:54:44'),('Colgate Herbal Paint 0G (Others)','Colgate Herbal','./img/DEFAULT.png','Paint','Others','Bottle','ml',0,'g',0,2,2,'2020-12-25 20:13:51','2020-12-25 20:13:51'),('Colgate Herbal Paste 0G (Unichem)','Colgate Herbal','./img/DEFAULT.png','Paste','Unichem Industries','Bottle','ml',0,'g',0,1,2,'2020-12-25 20:16:35','2020-12-25 20:16:35'),('Colgate Mouth Wash Syrup 0Ml (Ernest Chemist)','Colgate Mouth Wash','./img/DEFAULT.png','Syrup','Ernest Chemist','Bottle','ml',0,'ml',0,1,2,'2020-12-19 14:07:25','2020-12-19 14:07:25'),('Combantrim Tabs 0G (Ernest Chemist)','Combantrim','./img/DEFAULT.png','Tablet','Ernest Chemist','Bottle','ml',0,'g',0,2,2,'2020-12-24 20:09:32','2020-12-24 20:09:32'),('Combat-N Creams 0G (Others)','Combat-N','./img/DEFAULT.png','Cream','Others','Bottle','ml',0,'g',0,2,2,'2020-12-23 19:59:58','2020-12-23 19:59:58'),('Comit 50 Tabs 0G (Tobinco)','Comit 50','./img/DEFAULT.png','Tablet','Tobinco','Bottle','ml',0,'g',0,8,2,'2020-12-23 18:44:51','2020-12-23 18:44:51'),('Congestyl Syrup Syrup 0G (Unichem)','Congestyl Syrup','./img/DEFAULT.png','Syrup','Unichem Industries','Bottle','ml',0,'g',0,3,2,'2020-12-01 16:53:50','2020-12-01 16:53:50'),('Congestyl Tabs 0Mg (Others)','Congestyl','./img/DEFAULT.png','Tablet','Others','Bottle','ml',0,'mg',0,3,2,'2020-12-20 15:48:14','2020-12-20 15:48:14'),('Congestyl Tabs Tabs 0G (Unichem)','Congestyl Tabs','./img/DEFAULT.png','Tablet','Unichem Industries','Bottle','ml',0,'g',0,4,2,'2020-12-01 16:53:24','2020-12-01 16:53:24'),('Cool Eye Drop 0G (Others)','Cool Eye','./img/DEFAULT.png','Drops','Others','Bottle','ml',0,'g',0,2,2,'2020-12-20 07:08:43','2020-12-20 07:08:43'),('Cororange Capsule Capsule 0G (Unicom)','Cororange Capsule','./img/DEFAULT.png','Capsule','Unicom','Bottle','ml',0,'g',0,2,2,'2020-11-24 13:35:12','2020-11-24 13:35:12'),('Cororange Drop Drops 0G (Unicom)','Cororange Drop','./img/DEFAULT.png','Drops','Unicom','Bottle','ml',0,'g',0,1,2,'2020-11-24 12:28:20','2020-11-24 12:28:20'),('Cororange Syrup Syrup 0G (Kinapharma)','Cororange Syrup','./img/DEFAULT.png','Syrup','Kinapharma','Bottle','ml',0,'g',0,2,2,'2020-11-24 13:34:51','2020-11-24 13:34:51'),('Cotton 100G Others 0G (Others)','Cotton 100G','./img/DEFAULT.png','Others','Others','Bottle','ml',0,'g',0,2,2,'2020-12-26 14:24:01','2020-12-26 14:24:01'),('Cotton 200G Others 0G (Others)','Cotton 200G','./img/DEFAULT.png','Others','Others','Bottle','ml',0,'g',0,2,2,'2020-12-26 14:24:23','2020-12-26 14:24:23'),('Cotton 500G Others 0G (Others)','Cotton 500G','./img/DEFAULT.png','Others','Others','Bottle','ml',0,'g',0,2,2,'2020-12-26 14:24:41','2020-12-26 14:24:41'),('Cotton 50G Others 0G (Others)','Cotton 50G','./img/DEFAULT.png','Others','Others','Bottle','ml',0,'g',0,2,2,'2020-12-26 14:23:40','2020-12-26 14:23:40'),('Cotton Big Bud 0G (Others)','Cotton Big','./img/DEFAULT.png','Bud','Others','Bottle','ml',0,'g',0,2,2,'2021-01-02 16:45:00','2021-01-02 16:45:00'),('Cotton Small Bud 0L (Others)','Cotton Small','./img/DEFAULT.png','Bud','Others','Bottle','ml',0,'l',0,2,2,'2021-01-02 16:44:31','2021-01-02 16:44:31'),('Covonia Chesty Cough Syrup 0L (Unicom)','Covonia Chesty Cough','./img/DEFAULT.png','Syrup','Unicom','Bottle','ml',0,'l',0,2,2,'2020-11-24 11:09:17','2020-11-24 11:09:17'),('Covonia Dry Tickly Cough Syrup 0L (Unicom)','Covonia Dry Tickly Cough','./img/DEFAULT.png','Syrup','Unicom','Bottle','ml',0,'l',0,2,2,'2020-11-24 11:08:26','2020-11-24 11:08:26'),('Covonia Vapour Drop 0G (Unicom)','Covonia Vapour','./img/DEFAULT.png','Drops','Unicom','Bottle','ml',0,'g',0,1,2,'2020-12-25 18:57:04','2020-12-25 18:57:04'),('Cox B Tabs 0Mg (Others)','Cox B','./img/DEFAULT.png','Tablet','Others','Bottle','ml',0,'mg',0,1,2,'2020-12-20 15:23:59','2020-12-20 15:23:59'),('Crepe 3Inche Bandage 0G (Others)','Crepe 3Inche','./img/DEFAULT.png','Bandage','Others','Bottle','ml',0,'g',0,2,2,'2020-12-26 12:20:54','2020-12-26 12:20:54'),('Crepe 6Inch Bandage 0G (Others)','Crepe 6Inch','./img/DEFAULT.png','Bandage','Others','Bottle','ml',0,'g',0,2,2,'2020-12-26 11:12:28','2020-12-26 11:12:28'),('Cromax 2 Drop 0G (Others)','Cromax 2','./img/DEFAULT.png','Drops','Others','Bottle','ml',0,'g',0,1,2,'2020-12-20 19:25:36','2020-12-20 19:25:36'),('Cusimolol Eye Drop 0G (Others)','Cusimolol Eye','./img/DEFAULT.png','Drops','Others','Bottle','ml',0,'g',0,1,2,'2020-12-20 07:10:02','2020-12-20 07:10:02'),('Cyfen Syrup Syrup 0G (Letap)','Cyfen Syrup','./img/DEFAULT.png','Syrup','Letap','Bottle','ml',0,'g',0,2,2,'2020-12-01 17:40:29','2020-12-01 17:40:29'),('Cyfen Tabs Tabs 0G (Osons)','Cyfen Tabs','./img/DEFAULT.png','Tablet','Osons','Bottle','ml',0,'g',0,5,2,'2020-12-01 17:39:52','2020-12-01 17:39:52'),('Cypep Syrup Syrup 0G (Unicom)','Cypep Syrup','./img/DEFAULT.png','Syrup','Unicom','Bottle','ml',0,'g',0,2,2,'2020-11-24 13:10:50','2020-11-24 13:10:50'),('Cyprodine Capsule 0G (Ernest Chemist)','Cyprodine','./img/DEFAULT.png','Capsule','Ernest Chemist','Bottle','ml',0,'g',0,3,2,'2020-12-25 10:30:43','2020-12-25 10:30:43'),('Cyprodine Syrup 0Mg (Ernest Chemist)','Cyprodine','./img/DEFAULT.png','Syrup','Ernest Chemist','Bottle','ml',0,'mg',0,4,2,'2020-12-25 10:33:02','2020-12-25 10:33:02'),('Cyprovita Syrup Syrup 0G (Unicom)','Cyprovita Syrup','./img/DEFAULT.png','Syrup','Unicom','Bottle','ml',0,'g',0,2,2,'2020-11-24 13:15:17','2020-11-24 13:15:17'),('Cyprovita Tabs Syrup 0G (Unicom)','Cyprovita Tabs','./img/DEFAULT.png','Syrup','Unicom','Bottle','ml',0,'g',0,2,2,'2020-11-24 13:15:39','2020-11-24 13:15:39'),('Daktacort Creams 0G (Ernest Chemist)','Daktacort','./img/DEFAULT.png','Cream','Ernest Chemist','Bottle','ml',0,'g',0,1,2,'2020-12-25 12:59:22','2020-12-25 12:59:22'),('Daktarin Creams 0G (Osons)','Daktarin','./img/DEFAULT.png','Cream','Osons','Bottle','ml',0,'g',0,1,2,'2020-12-28 12:54:44','2020-12-28 12:54:44'),('Danegan Syrup Syrup 1Ml (Ernest Chemist)','Danegan Syrup','./img/DEFAULT.png','Syrup','Ernest Chemist','Bottle','ml',0,'ml',1,4,2,'2020-12-19 08:55:29','2020-12-19 08:55:29'),('Danrub Ointments 0G (Others)','Danrub','./img/DEFAULT.png','Ointment','Others','Bottle','ml',0,'g',0,2,2,'2020-12-20 17:05:39','2020-12-20 17:05:39'),('Daravit Syrup 0G (Others)','Daravit','./img/DEFAULT.png','Syrup','Others','Bottle','ml',0,'g',0,1,2,'2020-12-27 21:53:51','2020-12-27 21:53:51'),('Daravit Syrup Syrup 0L (Baseline)','Daravit Syrup','./img/DEFAULT.png','Syrup','Baseline','Bottle','ml',0,'l',0,2,2,'2020-11-24 11:44:41','2020-11-24 11:44:41'),('Day Nurse Capsule 0Mg (Unicom)','Day Nurse','./img/DEFAULT.png','Capsule','Unicom','Bottle','ml',0,'mg',0,2,2,'2020-12-20 15:44:11','2020-12-20 15:44:11'),('Day Nurse Syrup Syrup 0G (Baseline)','Day Nurse Syrup','./img/DEFAULT.png','Syrup','Baseline','Bottle','ml',0,'g',0,1,2,'2020-11-24 12:17:08','2020-11-24 12:17:08'),('Decatlen Lozenges 0Mg (Unichem)','Decatlen','./img/DEFAULT.png','Lozenges','Unichem Industries','Bottle','ml',0,'mg',0,10,2,'2020-12-20 15:47:56','2020-12-20 15:47:56'),('Deep Heat Medium Ointments 0G (Unicom)','Deep Heat Medium','./img/DEFAULT.png','Ointment','Unicom','Bottle','ml',0,'g',0,2,2,'2020-12-28 12:44:37','2020-12-28 12:44:37'),('Deep Heat Ointments 0Mg (Unicom)','Deep Heat','./img/DEFAULT.png','Ointment','Unicom','Bottle','ml',0,'mg',0,2,2,'2020-12-20 09:30:50','2020-12-20 09:30:50'),('Deep Heat Small Ointments 0Mg (Unicom)','Deep Heat Small','./img/DEFAULT.png','Ointment','Unicom','Bottle','ml',0,'mg',0,2,2,'2020-12-20 09:31:20','2020-12-20 09:31:20'),('Demacot Creams 0G (Osons)','Demacot','./img/DEFAULT.png','Cream','Osons','Bottle','ml',0,'g',0,2,2,'2020-12-23 19:57:21','2020-12-23 19:57:21'),('Dermiron Plus Creams 0G (Baseline)','Dermiron Plus','./img/DEFAULT.png','Cream','Baseline','Bottle','ml',0,'g',0,2,2,'2020-12-30 19:49:20','2020-12-30 19:49:20'),('Dettol 125Ml Others 0G (Others)','Dettol 125Ml','./img/DEFAULT.png','Others','Others','Bottle','ml',0,'g',0,3,2,'2020-12-22 18:32:02','2020-12-22 18:32:02'),('Dettol 250Ml Others 0G (Others)','Dettol 250Ml','./img/DEFAULT.png','Others','Others','Bottle','ml',0,'g',0,2,2,'2020-12-22 18:32:27','2020-12-22 18:32:27'),('Deworm 500 Tabs 0G (Ernest Chemist)','Deworm 500','./img/DEFAULT.png','Tablet','Ernest Chemist','Bottle','ml',0,'g',0,4,2,'2020-12-24 20:23:44','2020-12-24 20:23:44'),('Dexacortin Tabs 0G (Letap)','Dexacortin','./img/DEFAULT.png','Tablet','Letap','Bottle','ml',0,'g',0,5,2,'2020-12-21 18:36:58','2020-12-21 18:36:58'),('Dexatrol Eye Drop 0G (Others)','Dexatrol Eye','./img/DEFAULT.png','Drops','Others','Bottle','ml',0,'g',0,2,2,'2020-12-21 21:59:19','2020-12-21 21:59:19'),('Dexatrol Eye Ointments 0G (Others)','Dexatrol Eye','./img/DEFAULT.png','Ointment','Others','Bottle','ml',0,'g',0,2,2,'2020-12-21 21:59:35','2020-12-21 21:59:35'),('Dexorange Syrup Syrup 0Mg (Baseline)','Dexorange Syrup','./img/DEFAULT.png','Syrup','Baseline','Bottle','ml',0,'mg',0,2,2,'2020-11-24 11:46:45','2020-11-24 11:46:45'),('Diagellates 125Ml Syrup 0G (Others)','Diagellates 125Ml','./img/DEFAULT.png','Syrup','Others','Bottle','ml',0,'g',0,2,2,'2020-12-20 16:36:36','2020-12-20 16:36:36'),('Diagellates 250Ml Syrup 0G (Others)','Diagellates 250Ml','./img/DEFAULT.png','Syrup','Others','Bottle','ml',0,'g',0,2,2,'2020-12-20 16:37:02','2020-12-20 16:37:02'),('Diazepam 10Mg Tabs 0G (Others)','Diazepam 10Mg','./img/DEFAULT.png','Tablet','Others','Bottle','ml',0,'g',0,50,2,'2020-12-26 21:02:23','2020-12-26 21:02:23'),('Diazepam 5Mg Tabs 0G (Others)','Diazepam 5Mg','./img/DEFAULT.png','Tablet','Others','Bottle','ml',0,'g',0,10,2,'2020-12-26 21:02:44','2020-12-26 21:02:44'),('Diazepam Tabs 0G (Ernest Chemist)','Diazepam','./img/DEFAULT.png','Tablet','Ernest Chemist','Bottle','ml',0,'g',0,50,2,'2020-12-25 10:38:23','2020-12-25 10:38:23'),('Diclo Denk 100Mg Tabs 0Mg (Ernest Chemist)','Diclo Denk 100Mg','./img/DEFAULT.png','Tablet','Ernest Chemist','Bottle','ml',0,'mg',0,4,2,'2020-12-20 09:21:14','2020-12-20 09:21:14'),('Diclo Denk 50Mg Tabs 0Mg (Ernest Chemist)','Diclo Denk 50Mg','./img/DEFAULT.png','Tablet','Ernest Chemist','Bottle','ml',0,'mg',0,4,2,'2020-12-20 09:20:50','2020-12-20 09:20:50'),('Diclo Denk Supplement 0G (Denk)','Diclo Denk','./img/DEFAULT.png','Supplement','Denk','Bottle','ml',0,'g',0,4,2,'2020-12-26 12:37:23','2020-12-26 12:37:23'),('Diclokin Tr Capsule 0G (Kinapharma)','Diclokin Tr','./img/DEFAULT.png','Capsule','Kinapharma','Bottle','ml',0,'g',0,6,2,'2020-12-24 19:52:36','2020-12-24 19:52:36'),('Diclolex 100Mg Tabs 0Mg (Unichem)','Diclolex 100Mg','./img/DEFAULT.png','Tablet','Unichem Industries','Bottle','ml',0,'mg',0,4,2,'2020-12-20 09:29:08','2020-12-20 09:29:08'),('Diclolex 50Mg Tabs 0Mg (Unichem)','Diclolex 50Mg','./img/DEFAULT.png','Tablet','Unichem Industries','Bottle','ml',0,'mg',0,2,2,'2020-12-20 09:29:32','2020-12-20 09:29:32'),('Diclolex Gel 0Mg (Unichem)','Diclolex','./img/DEFAULT.png','Gel','Unichem Industries','Bottle','ml',0,'mg',0,3,2,'2020-12-20 09:29:52','2020-12-20 09:29:52'),('Dihydrocodeine( Df 118) Tabs 0Mg (Uk)','Dihydrocodeine( Df 118)','./img/DEFAULT.png','Tablet','Uk','Bottle','ml',0,'mg',0,2,2,'2020-12-20 15:19:04','2020-12-20 15:19:04'),('Dipex Capsule 0G (Others)','Dipex','./img/DEFAULT.png','Capsule','Others','Bottle','ml',0,'g',0,3,2,'2020-12-24 19:29:46','2020-12-24 19:29:46'),('Dithranol Ointments 0G (Others)','Dithranol','./img/DEFAULT.png','Ointment','Others','Bottle','ml',0,'g',0,2,2,'2020-12-20 17:06:30','2020-12-20 17:06:30'),('Dolobak Tabs 0Mg (Kinapharma)','Dolobak','./img/DEFAULT.png','Tablet','Kinapharma','Bottle','ml',0,'mg',0,4,2,'2020-12-20 09:24:26','2020-12-20 09:24:26'),('Doloplus Tabs 0Mg (Eskay)','Doloplus','./img/DEFAULT.png','Tablet','Eskay','Bottle','ml',0,'mg',0,4,2,'2020-12-20 09:46:07','2020-12-20 09:46:07'),('Dolotab Tabs 0Mg (Eskay)','Dolotab','./img/DEFAULT.png','Tablet','Eskay','Bottle','ml',0,'mg',0,4,2,'2020-12-20 09:46:23','2020-12-20 09:46:23'),('Domi 10 Supplement 0G (Tobinco)','Domi 10','./img/DEFAULT.png','Supplement','Tobinco','Bottle','ml',0,'g',0,3,2,'2020-12-21 19:55:12','2020-12-21 19:55:12'),('Domi 30Mg Supplement 0G (Tobinco)','Domi 30Mg','./img/DEFAULT.png','Supplement','Tobinco','Bottle','ml',0,'g',0,2,2,'2020-12-21 20:00:23','2020-12-21 20:00:23'),('Doreta Tabs 0Mg (Unichem)','Doreta','./img/DEFAULT.png','Tablet','Unichem Industries','Bottle','ml',0,'mg',0,1,2,'2020-12-20 09:23:06','2020-12-20 09:23:06'),('Dove Deo Spray 0G (Others)','Dove Deo','./img/DEFAULT.png','Spray','Others','Bottle','ml',0,'g',0,4,2,'2020-12-26 17:58:42','2020-12-26 17:58:42'),('Dove Men Roll-On 0G (Others)','Dove Men','./img/DEFAULT.png','Roll-On','Others','Bottle','ml',0,'g',0,4,2,'2020-12-26 18:22:20','2020-12-26 18:22:20'),('Dove Women Roll-On 0G (Others)','Dove Women','./img/DEFAULT.png','Roll-On','Others','Bottle','ml',0,'g',0,4,2,'2020-12-26 18:22:37','2020-12-26 18:22:37'),('Doxy Capsule 0G (Ernest Chemist)','Doxy','./img/DEFAULT.png','Capsule','Ernest Chemist','Bottle','ml',0,'g',0,5,2,'2020-12-26 14:43:18','2020-12-26 14:43:18'),('Dragon Capsule 0G (Others)','Dragon','./img/DEFAULT.png','Capsule','Others','Bottle','ml',0,'g',0,2,2,'2020-12-23 18:08:20','2020-12-23 18:08:20'),('Dragon Spray 0G (Others)','Dragon','./img/DEFAULT.png','Spray','Others','Bottle','ml',0,'g',0,3,2,'2020-12-23 18:08:03','2020-12-23 18:08:03'),('Drez Big Ointments 0G (M&G)','Drez Big','./img/DEFAULT.png','Ointment','M&G','Bottle','ml',0,'g',0,2,2,'2020-12-23 19:59:13','2020-12-23 19:59:13'),('Drez Powder Powder 0Others (M&G)','Drez Powder','./img/DEFAULT.png','Powder','M&G','Bottle','ml',0,'others',0,3,2,'2020-12-19 17:29:35','2020-12-19 17:29:35'),('Drez Small Ointments 0G (M&G)','Drez Small','./img/DEFAULT.png','Ointment','M&G','Bottle','ml',0,'g',0,3,2,'2020-12-23 19:58:51','2020-12-23 19:58:51'),('Drez Solution Big Syrup 0Ml (M&G)','Drez Solution Big','./img/DEFAULT.png','Syrup','M&G','Bottle','ml',0,'ml',0,2,2,'2020-12-19 14:05:06','2020-12-19 14:05:06'),('Drez Solution Small Solution 0Others (M&G)','Drez Solution Small','./img/DEFAULT.png','Solution','M&G','Bottle','ml',0,'others',0,3,2,'2020-12-19 17:29:19','2020-12-19 17:29:19'),('Dumocalcium Tabs 0G (Dannex)','Dumocalcium','./img/DEFAULT.png','Tablet','Dannex','Bottle','ml',0,'g',0,10,2,'2020-12-25 16:10:23','2020-12-25 16:10:23'),('Durex Condom 0G (Others)','Durex','./img/DEFAULT.png','Condom','Others','Bottle','ml',0,'g',0,4,2,'2020-12-23 18:26:37','2020-12-23 18:26:37'),('Durol 200Ml Syrup 0G (Dannex)','Durol 200Ml','./img/DEFAULT.png','Syrup','Dannex','Bottle','ml',0,'g',0,2,2,'2020-12-25 13:47:03','2020-12-25 13:47:03'),('Durol 330Ml Syrup 0G (Dannex)','Durol 330Ml','./img/DEFAULT.png','Syrup','Dannex','Bottle','ml',0,'g',0,2,2,'2021-01-17 17:12:33','2021-01-17 17:12:33'),('Dymol Tabs 0Mg (Unichem)','Dymol','./img/DEFAULT.png','Tablet','Unichem Industries','Bottle','ml',0,'mg',0,3,2,'2020-12-20 08:44:13','2020-12-20 08:44:13'),('Dynewell Syrup Syrup 0G (Letap)','Dynewell Syrup','./img/DEFAULT.png','Syrup','Letap','Bottle','ml',0,'g',0,10,2,'2020-11-24 13:33:53','2020-11-24 13:33:53'),('Dynewell Tabs Tabs 0G (Letap)','Dynewell Tabs','./img/DEFAULT.png','Tablet','Letap','Bottle','ml',0,'g',0,20,2,'2020-11-24 13:34:17','2020-11-24 13:34:17'),('E-Panol Syrup Spray 0G (Gb Pharma)','E-Panol Syrup','./img/DEFAULT.png','Spray','Gb Pharma Limited','Bottle','ml',0,'g',0,8,2,'2020-11-24 14:03:00','2020-11-24 14:03:00'),('Ear Bug Big Others 0G (Others)','Ear Bug Big','./img/DEFAULT.png','Others','Others','Bottle','ml',0,'g',0,1,2,'2020-12-26 21:05:24','2020-12-26 21:05:24'),('Ear Bug Small Others 0G (Others)','Ear Bug Small','./img/DEFAULT.png','Others','Others','Bottle','ml',0,'g',0,2,2,'2020-12-26 21:05:04','2020-12-26 21:05:04'),('Efpac Syrup Syrup 0G (Unichem)','Efpac Syrup','./img/DEFAULT.png','Syrup','Unichem Industries','Bottle','ml',0,'g',0,4,2,'2020-12-01 16:56:00','2020-12-01 16:56:00'),('Efpac Tabs Tabs 0G (Unichem)','Efpac Tabs','./img/DEFAULT.png','Tablet','Unichem Industries','Bottle','ml',0,'g',0,20,2,'2020-12-01 16:55:36','2020-12-01 16:55:36'),('Ekuro Bewu Creams 0G (Others)','Ekuro Bewu','./img/DEFAULT.png','Cream','Others','Bottle','ml',0,'g',0,3,2,'2020-12-20 17:08:30','2020-12-20 17:08:30'),('Emgikof D Syrup 0Mg (Baseline)','Emgikof D','./img/DEFAULT.png','Syrup','Baseline','Bottle','ml',0,'mg',0,2,2,'2020-11-24 11:55:33','2020-11-24 11:55:33'),('Enacef Suspensions 1Ml (Ernest Chemist)','Enacef','./img/DEFAULT.png','Suspension','Ernest Chemist','Bottle','ml',0,'ml',1,3,2,'2020-12-20 05:05:13','2020-12-20 05:05:13'),('Enafen Syrup Syrup 0G (Unicom)','Enafen Syrup','./img/DEFAULT.png','Syrup','Unicom','Bottle','ml',0,'g',0,5,2,'2020-11-24 14:06:24','2020-11-24 14:06:24'),('Ephedrine Nasal Adult Drop 0G (Others)','Ephedrine Nasal Adult','./img/DEFAULT.png','Drops','Others','Bottle','ml',0,'g',0,2,2,'2020-12-21 18:28:07','2020-12-21 18:28:07'),('Ephedrine Nasal Drop 0G (Others)','Ephedrine Nasal','./img/DEFAULT.png','Drops','Others','Bottle','ml',0,'g',0,2,2,'2020-12-21 18:28:32','2020-12-21 18:28:32'),('Epiciprim Eye Drop 0G (Others)','Epiciprim Eye','./img/DEFAULT.png','Drops','Others','Bottle','ml',0,'g',0,2,2,'2020-12-20 07:06:22','2020-12-20 07:06:22'),('Epiciprim Eye Ointments 0G (Others)','Epiciprim Eye','./img/DEFAULT.png','Ointment','Others','Bottle','ml',0,'g',0,2,2,'2020-12-20 07:07:00','2020-12-20 07:07:00'),('Epicrom 2% Drop 0G (Others)','Epicrom 2%','./img/DEFAULT.png','Drops','Others','Bottle','ml',0,'g',0,1,2,'2020-12-20 19:25:54','2020-12-20 19:25:54'),('Epicrom 4% Drop 0G (Others)','Epicrom 4%','./img/DEFAULT.png','Drops','Others','Bottle','ml',0,'g',0,1,2,'2020-12-20 19:26:19','2020-12-20 19:26:19'),('Epiderm Big Creams 0G (Shalina)','Epiderm Big','./img/DEFAULT.png','Cream','Shalina','Bottle','ml',0,'g',0,3,2,'2020-12-23 19:55:15','2020-12-23 19:55:15'),('Epiderm Small Creams 0L (Shalina)','Epiderm Small','./img/DEFAULT.png','Cream','Shalina','Bottle','ml',0,'l',0,3,2,'2020-12-23 19:54:46','2020-12-23 19:54:46'),('Epifenac Eye Drop 0G (Others)','Epifenac Eye','./img/DEFAULT.png','Drops','Others','Bottle','ml',0,'g',0,2,2,'2020-12-25 16:15:20','2020-12-25 16:15:20'),('Epifenac Eye Ointments 0G (Others)','Epifenac Eye','./img/DEFAULT.png','Ointment','Others','Bottle','ml',0,'g',0,2,2,'2020-12-25 16:17:31','2020-12-25 16:17:31'),('Eskadol Night Tabs 0Mg (Eskay)','Eskadol Night','./img/DEFAULT.png','Tablet','Eskay','Bottle','ml',0,'mg',0,4,2,'2020-12-20 16:02:41','2020-12-20 16:02:41'),('Eskaron Capsule Capsule 0G (Osons)','Eskaron Capsule','./img/DEFAULT.png','Capsule','Osons','Bottle','ml',0,'g',0,3,2,'2020-12-01 17:52:02','2020-12-01 17:52:02'),('Eskaron Syrup Syrup 0G (Pokupharma)','Eskaron Syrup','./img/DEFAULT.png','Syrup','Pokupharma','Bottle','ml',0,'g',0,3,2,'2020-12-01 17:51:45','2020-12-01 17:51:45'),('Eskazole Creams 0Mg (Others)','Eskazole','./img/DEFAULT.png','Cream','Others','Bottle','ml',0,'mg',0,2,2,'2020-12-23 20:22:33','2020-12-23 20:22:33'),('Essential Big Oil 0Mg (Others)','Essential Big','./img/DEFAULT.png','Oil','Others','Bottle','ml',0,'mg',0,2,2,'2020-12-20 17:13:17','2020-12-20 17:13:17'),('Essential Medium Oil 0G (Others)','Essential Medium','./img/DEFAULT.png','Oil','Others','Bottle','ml',0,'g',0,2,2,'2020-12-20 17:12:57','2020-12-20 17:12:57'),('Essential Small Oil 0Mg (Others)','Essential Small','./img/DEFAULT.png','Oil','Others','Bottle','ml',0,'mg',0,3,2,'2020-12-20 17:11:15','2020-12-20 17:11:15'),('Etisala Capsule Capsule 0G (Baseline)','Etisala Capsule','./img/DEFAULT.png','Capsule','Baseline','Bottle','ml',0,'g',0,2,2,'2020-11-24 11:54:20','2020-11-24 11:54:20'),('Etisala Syrup Syrup 0G (Baseline)','Etisala Syrup','./img/DEFAULT.png','Syrup','Baseline','Bottle','ml',0,'g',0,2,2,'2020-11-24 11:52:57','2020-11-24 11:52:57'),('Eusol Solution 0Others (Letap)','Eusol','./img/DEFAULT.png','Solution','Letap','Bottle','ml',0,'others',0,2,2,'2020-12-19 18:17:12','2020-12-19 18:17:12'),('Euthymol Paste 0G (Others)','Euthymol','./img/DEFAULT.png','Paste','Others','Bottle','ml',0,'g',0,1,2,'2020-12-25 15:21:04','2020-12-25 15:21:04'),('Evecare Syrup 0Others (Unichem)','Evecare','./img/DEFAULT.png','Syrup','Unichem Industries','Bottle','ml',0,'others',0,1,2,'2020-12-19 17:30:47','2020-12-19 17:30:47'),('Evecare Tabs 0G (Others)','Evecare','./img/DEFAULT.png','Tablet','Others','Bottle','ml',0,'g',0,2,2,'2020-12-25 19:56:08','2020-12-25 19:56:08'),('Evecare Tabs 0Others (Unichem)','Evecare','./img/DEFAULT.png','Tablet','Unichem Industries','Bottle','ml',0,'others',0,1,2,'2020-12-19 17:35:58','2020-12-19 17:35:58'),('Exevin Nasal Adult Drop 0G (Others)','Exevin Nasal Adult','./img/DEFAULT.png','Drops','Others','Bottle','ml',0,'g',0,1,2,'2020-12-21 18:20:57','2020-12-21 18:20:57'),('Exevin Nasal Child Drop 0G (Others)','Exevin Nasal Child','./img/DEFAULT.png','Drops','Others','Bottle','ml',0,'g',0,1,2,'2020-12-21 18:21:17','2020-12-21 18:21:17'),('Ezipen Tabs 0Mg (M&G)','Ezipen','./img/DEFAULT.png','Tablet','M&G','Bottle','ml',0,'mg',0,2,2,'2020-12-20 14:53:59','2020-12-20 14:53:59'),('F.A.C Mixture 0G (Others)','F.A.C','./img/DEFAULT.png','Mixture','Others','Bottle','ml',0,'g',0,3,2,'2020-12-22 18:59:20','2020-12-22 18:59:20'),('Face Mask Others 0G (Others)','Face Mask','./img/DEFAULT.png','Others','Others','Bottle','ml',0,'g',0,5,2,'2020-12-26 21:16:47','2020-12-26 21:16:47'),('Famacold Syrup Syrup 0G (Gb Pharma)','Famacold Syrup','./img/DEFAULT.png','Syrup','Gb Pharma Limited','Bottle','ml',0,'g',0,3,2,'2020-12-01 16:56:30','2020-12-01 16:56:30'),('Famacold Tabs Tabs 0G (Letap)','Famacold Tabs','./img/DEFAULT.png','Tablet','Letap','Bottle','ml',0,'g',0,20,2,'2020-12-01 16:56:54','2020-12-01 16:56:54'),('Fastmelt Sachet 0G (Kinapharma)','Fastmelt','./img/DEFAULT.png','Sachet','Kinapharma','Bottle','ml',0,'g',0,10,2,'2020-12-26 15:34:52','2020-12-26 15:34:52'),('Fenamol Tabs 0G (Others)','Fenamol','./img/DEFAULT.png','Tablet','Others','Bottle','ml',0,'g',0,4,2,'2020-12-20 16:11:07','2020-12-20 16:11:07'),('Fenbase Tabs 0G (Others)','Fenbase','./img/DEFAULT.png','Tablet','Others','Bottle','ml',0,'g',0,5,2,'2021-01-07 18:00:36','2021-01-07 18:00:36'),('Feroclear Syrup Big Syrup 0G (Baseline)','Feroclear Syrup Big','./img/DEFAULT.png','Syrup','Baseline','Bottle','ml',0,'g',0,2,2,'2020-11-24 13:39:00','2020-11-24 13:39:00'),('Feroclear Syrup Small Syrup 0G (Baseline)','Feroclear Syrup Small','./img/DEFAULT.png','Syrup','Baseline','Bottle','ml',0,'g',0,3,2,'2020-11-24 13:39:34','2020-11-24 13:39:34'),('Feroclear Tabs Tabs 0G (Baseline)','Feroclear Tabs','./img/DEFAULT.png','Tablet','Baseline','Bottle','ml',0,'g',0,2,2,'2020-11-24 13:39:55','2020-11-24 13:39:55'),('Feroddex Syrup 0G (Arytons)','Feroddex','./img/DEFAULT.png','Syrup','Arytons','Bottle','ml',0,'g',0,2,2,'2020-12-25 16:02:01','2020-12-25 16:02:01'),('Ferofix Capsule Capsule 0G (Letap)','Ferofix Capsule','./img/DEFAULT.png','Capsule','Letap','Bottle','ml',0,'g',0,3,2,'2020-12-01 17:41:54','2020-12-01 17:41:54'),('Ferofix Syrup Syrup 0G (Osons)','Ferofix Syrup','./img/DEFAULT.png','Syrup','Osons','Bottle','ml',0,'g',0,3,2,'2020-12-01 17:41:10','2020-12-01 17:41:10'),('Feroglobin Capsule 0G (Ernest Chemist)','Feroglobin','./img/DEFAULT.png','Capsule','Ernest Chemist','Bottle','ml',0,'g',0,1,2,'2020-12-27 16:43:34','2020-12-27 16:43:34'),('Feroglobin Syrup 0G (Ernest Chemist)','Feroglobin','./img/DEFAULT.png','Syrup','Ernest Chemist','Bottle','ml',0,'g',0,1,2,'2020-12-25 20:44:08','2020-12-25 20:44:08'),('Ferrodex Syrup Syrup 0G (Unicom)','Ferrodex Syrup','./img/DEFAULT.png','Syrup','Unicom','Bottle','ml',0,'g',0,3,2,'2020-11-24 13:30:16','2020-11-24 13:30:16'),('Fersolate Tabs Tabs 0G (Unicom)','Fersolate Tabs','./img/DEFAULT.png','Tablet','Unicom','Bottle','ml',0,'g',0,10,2,'2020-11-24 13:26:37','2020-11-24 13:26:37'),('Fersolate Tabs Uk 28S Syrup 0G (Unicom)','Fersolate Tabs Uk 28S','./img/DEFAULT.png','Syrup','Unicom','Bottle','ml',0,'g',0,2,2,'2020-11-24 13:26:12','2020-11-24 13:26:12'),('Ferup Syrup Syrup 0Ml (Baseline)','Ferup Syrup','./img/DEFAULT.png','Syrup','Baseline','Bottle','ml',0,'ml',0,2,2,'2020-11-24 11:37:21','2020-11-24 11:37:21'),('Fiderol Syrup Syrup 0G (Unicom)','Fiderol Syrup','./img/DEFAULT.png','Syrup','Unicom','Bottle','ml',0,'g',0,2,2,'2020-11-24 13:36:05','2020-11-24 13:36:05'),('Fiesta Condom 0G (Others)','Fiesta','./img/DEFAULT.png','Condom','Others','Bottle','ml',0,'g',0,6,2,'2020-12-23 18:22:45','2020-12-23 18:22:45'),('Finelife Big Syrup 0G (Kinapharma)','Finelife Big','./img/DEFAULT.png','Syrup','Kinapharma','Bottle','ml',0,'g',0,2,2,'2020-11-24 13:25:31','2020-11-24 13:25:31'),('Finelife Small Syrup 0G (Baseline)','Finelife Small','./img/DEFAULT.png','Syrup','Baseline','Bottle','ml',0,'g',0,2,2,'2020-11-24 13:24:19','2020-11-24 13:24:19'),('Fishermens Friend Lozenges 0Mg (Unichem)','Fishermens Friend','./img/DEFAULT.png','Lozenges','Unichem Industries','Bottle','ml',0,'mg',0,4,2,'2020-12-20 15:46:10','2020-12-20 15:46:10'),('Fit One Condom 0G (Others)','Fit One','./img/DEFAULT.png','Condom','Others','Bottle','ml',0,'g',0,3,2,'2020-12-23 18:39:53','2020-12-23 18:39:53'),('Flagentyl Tabs 0G (Unichem)','Flagentyl','./img/DEFAULT.png','Tablet','Unichem Industries','Bottle','ml',0,'g',0,1,2,'2020-12-21 21:14:50','2020-12-21 21:14:50'),('Flagyl 200Mg Tabs 0G (Eskay)','Flagyl 200Mg','./img/DEFAULT.png','Tablet','Eskay','Bottle','ml',0,'g',0,10,2,'2020-12-25 17:33:27','2020-12-25 17:33:27'),('Flagyl Eskay Tabs 1Mg (Eskay)','Flagyl Eskay','./img/DEFAULT.png','Tablet','Eskay','Bottle','ml',0,'mg',1,20,2,'2020-12-20 04:57:21','2020-12-20 04:57:21'),('Flagyl Ltp Tabs 1Mg (Letap)','Flagyl Ltp','./img/DEFAULT.png','Tablet','Letap','Bottle','ml',0,'mg',1,10,2,'2020-12-20 04:55:50','2020-12-20 04:55:50'),('Flagyl Tabs 0G (Letap)','Flagyl','./img/DEFAULT.png','Tablet','Letap','Bottle','ml',0,'g',0,10,2,'2021-01-14 19:05:46','2021-01-14 19:05:46'),('Flagyl(Metagyl) Suspensions 0G (Ernest Chemist)','Flagyl(Metagyl)','./img/DEFAULT.png','Suspension','Ernest Chemist','Bottle','ml',0,'g',0,2,2,'2020-12-25 21:39:03','2020-12-25 21:39:03'),('Flarex Eye Drop 0G (Others)','Flarex Eye','./img/DEFAULT.png','Drops','Others','Bottle','ml',0,'g',0,1,2,'2020-12-20 07:07:41','2020-12-20 07:07:41'),('Flemex Adult Syrup 0G (Baseline)','Flemex Adult','./img/DEFAULT.png','Syrup','Baseline','Bottle','ml',0,'g',0,3,2,'2020-11-24 13:56:04','2020-11-24 13:56:04'),('Flemex Adult Syrup 0G (Unichem)','Flemex Adult','./img/DEFAULT.png','Syrup','Unichem Industries','Bottle','ml',0,'g',0,3,2,'2020-12-01 16:58:25','2020-12-01 16:58:25'),('Flemex Jun Syrup 0G (Baseline)','Flemex Jun','./img/DEFAULT.png','Syrup','Baseline','Bottle','ml',0,'g',0,3,2,'2020-11-24 13:55:09','2020-11-24 13:55:09'),('Flemex Jun Syrup 0G (Unichem)','Flemex Jun','./img/DEFAULT.png','Syrup','Unichem Industries','Bottle','ml',0,'g',0,4,2,'2020-12-01 16:57:42','2020-12-01 16:57:42'),('Floradish Syrup 0G (Unicom)','Floradish','./img/DEFAULT.png','Syrup','Unicom','Bottle','ml',0,'g',0,2,2,'2020-12-26 12:49:32','2020-12-26 12:49:32'),('Flucloxa Gr Capsule 0Mg (Gr)','Flucloxa Gr','./img/DEFAULT.png','Capsule','GR Pharma','Bottle','ml',0,'mg',0,10,2,'2020-12-20 06:58:51','2020-12-20 06:58:51'),('Flucloxa Ltp Capsule 0Mg (Letap)','Flucloxa Ltp','./img/DEFAULT.png','Capsule','Letap','Bottle','ml',0,'mg',0,6,2,'2020-12-20 06:57:23','2020-12-20 06:57:23'),('Flucloxa Ltp Suspensions 0Mg (Letap)','Flucloxa Ltp','./img/DEFAULT.png','Suspension','Letap','Bottle','ml',0,'mg',0,4,2,'2020-12-20 06:57:47','2020-12-20 06:57:47'),('Flucloxa Uk 21 Capsule 0Mg (Others)','Flucloxa Uk 21','./img/DEFAULT.png','Capsule','Others','Bottle','ml',0,'mg',0,2,2,'2020-12-20 06:58:20','2020-12-20 06:58:20'),('Fluconazole 200Mg Capsule 0G (Others)','Fluconazole 200Mg','./img/DEFAULT.png','Capsule','Others','Bottle','ml',0,'g',0,2,2,'2020-12-21 21:53:18','2020-12-21 21:53:18'),('Fluconazole(Gv Fluc) 150Mg Capsule 0G (Tobinco)','Fluconazole(Gv Fluc) 150Mg','./img/DEFAULT.png','Capsule','Tobinco','Bottle','ml',0,'g',0,3,2,'2020-12-21 21:11:31','2020-12-21 21:11:31'),('Fluconazole(Mycostat) 150Mg Capsule 0G (Unichem)','Fluconazole(Mycostat) 150Mg','./img/DEFAULT.png','Capsule','Unichem Industries','Bottle','ml',0,'g',0,4,2,'2020-12-21 21:11:03','2020-12-21 21:11:03'),('Fluconazole(Neflucon) Capsule 0G (Ernest Chemist)','Fluconazole(Neflucon)','./img/DEFAULT.png','Capsule','Ernest Chemist','Bottle','ml',0,'g',0,2,2,'2020-12-30 19:48:59','2020-12-30 19:48:59'),('Fluconazole(Stagyl) Tabs 0G (Others)','Fluconazole(Stagyl)','./img/DEFAULT.png','Tablet','Others','Bottle','ml',0,'g',0,2,2,'2020-12-21 21:50:46','2020-12-21 21:50:46'),('Fluconazole(Teva) 150Mg Capsule 0G (Uk)','Fluconazole(Teva) 150Mg','./img/DEFAULT.png','Capsule','Uk','Bottle','ml',0,'g',0,3,2,'2020-12-21 21:11:58','2020-12-21 21:11:58'),('Flucor Day Capsule 0Mg (Others)','Flucor Day','./img/DEFAULT.png','Capsule','Others','Bottle','ml',0,'mg',0,2,2,'2020-12-20 15:44:31','2020-12-20 15:44:31'),('Flucor Night Capsule 0Mg (Others)','Flucor Night','./img/DEFAULT.png','Capsule','Others','Bottle','ml',0,'mg',0,2,2,'2020-12-20 15:44:49','2020-12-20 15:44:49'),('Flurest Tabs 0G (Unichem)','Flurest','./img/DEFAULT.png','Tablet','Unichem Industries','Bottle','ml',0,'g',0,3,2,'2020-12-20 15:55:58','2020-12-20 15:55:58'),('Fluxacin Suspensions 0Mg (Ernest Chemist)','Fluxacin','./img/DEFAULT.png','Suspension','Ernest Chemist','Bottle','ml',0,'mg',0,6,2,'2020-12-20 06:53:09','2020-12-20 06:53:09'),('Fluxamox Capsule 0Mg (Ernest Chemist)','Fluxamox','./img/DEFAULT.png','Capsule','Ernest Chemist','Bottle','ml',0,'mg',0,6,2,'2020-12-20 06:51:36','2020-12-20 06:51:36'),('Fluxamox Suspensions 0Ml (Unichem)','Fluxamox','./img/DEFAULT.png','Suspension','Unichem Industries','Bottle','ml',0,'ml',0,3,2,'2020-12-20 06:52:00','2020-12-20 06:52:00'),('Folic Acid 28S Tabs 0G (Unicom)','Folic Acid 28S','./img/DEFAULT.png','Tablet','Unicom','Bottle','ml',0,'g',0,2,2,'2020-11-24 13:11:49','2020-11-24 13:11:49'),('Folic Acid 30S Tabs 0G (Valupak)','Folic Acid 30S','./img/Folic Acid 30S Tabs 0G (Valupak).jpg','Tablet','Valupak','Bottle','ml',0,'g',0,2,2,'2020-12-25 09:59:06','2020-12-25 09:59:06'),('Folic Acid 60S Tabs 0G (Uk)','Folic Acid 60S','./img/DEFAULT.png','Tablet','Uk','Bottle','ml',0,'g',0,2,2,'2020-12-25 09:59:35','2020-12-25 09:59:35'),('Folic Acid 90S Tabs 0G (Valupak)','Folic Acid 90S','./img/Folic Acid 90S Tabs 0G (Valupak).jpg','Tablet','Valupak','Bottle','ml',0,'g',0,2,2,'2021-01-11 20:05:09','2021-01-11 20:05:09'),('Folic Acid Syr(Macrofolin) Syrup 0Ml (Letap)','Folic Acid Syr(Macrofolin)','./img/DEFAULT.png','Syrup','Letap','Bottle','ml',0,'ml',0,2,2,'2020-12-24 22:51:44','2020-12-24 22:51:44'),('Folic Acid Tabs 0G (Ernest Chemist)','Folic Acid','./img/DEFAULT.png','Tablet','Ernest Chemist','Bottle','ml',0,'g',0,100,2,'2020-12-25 11:43:30','2020-12-25 11:43:30'),('Folic Acid Valupak Tabs 0G (Unicom)','Folic Acid Valupak','./img/DEFAULT.png','Tablet','Unicom','Bottle','ml',0,'g',0,2,2,'2020-11-24 13:11:25','2020-11-24 13:11:25'),('Foligrow Capsule 0G (Tobinco)','Foligrow','./img/DEFAULT.png','Capsule','Tobinco','Bottle','ml',0,'g',0,2,2,'2020-12-25 21:15:42','2020-12-25 21:15:42'),('Foligrow Syrup 0G (Tobinco)','Foligrow','./img/DEFAULT.png','Syrup','Tobinco','Bottle','ml',0,'g',0,2,2,'2020-12-25 21:15:15','2020-12-25 21:15:15'),('Foliron Capsule 0G (Letap)','Foliron','./img/DEFAULT.png','Capsule','Letap','Bottle','ml',0,'g',0,5,2,'2020-12-24 23:00:51','2020-12-24 23:00:51'),('Foliron Syrup 0G (Letap)','Foliron','./img/DEFAULT.png','Syrup','Letap','Bottle','ml',0,'g',0,3,2,'2020-12-24 23:00:31','2020-12-24 23:00:31'),('Foxitil 250Mg Tabs 1Mg (Others)','Foxitil 250Mg','./img/DEFAULT.png','Tablet','Others','Bottle','ml',0,'mg',1,2,2,'2020-12-20 05:06:38','2020-12-20 05:06:38'),('Foxitil 500Mg Tabs 1Mg (Others)','Foxitil 500Mg','./img/DEFAULT.png','Tablet','Others','Bottle','ml',0,'mg',1,3,2,'2020-12-20 05:07:01','2020-12-20 05:07:01'),('Franko Mixture 0G (Others)','Franko','./img/DEFAULT.png','Mixture','Others','Bottle','ml',0,'g',0,2,2,'2020-12-20 19:07:08','2020-12-20 19:07:08'),('Fresh Lady Capsule 0G (Others)','Fresh Lady','./img/DEFAULT.png','Capsule','Others','Bottle','ml',0,'g',0,2,2,'2020-12-20 19:07:41','2020-12-20 19:07:41'),('Fresh Man Capsule 0G (Others)','Fresh Man','./img/DEFAULT.png','Capsule','Others','Bottle','ml',0,'g',0,2,2,'2020-12-20 19:07:23','2020-12-20 19:07:23'),('Frusemide Tabs 0G (Letap)','Frusemide','./img/DEFAULT.png','Tablet','Letap','Bottle','ml',0,'g',0,10,2,'2020-12-20 07:40:09','2020-12-20 07:40:09'),('Fulcin 125Mg Tabs 1Mg (Letap)','Fulcin 125Mg','./img/DEFAULT.png','Tablet','Letap','Bottle','ml',0,'mg',1,10,2,'2020-12-20 05:14:28','2020-12-20 05:14:28'),('Fulcin 500 Tabs 1Mg (Letap)','Fulcin 500','./img/DEFAULT.png','Tablet','Letap','Bottle','ml',0,'mg',1,5,2,'2020-12-20 05:14:52','2020-12-20 05:14:52'),('Fulcin Imported Suspensions 1Ml (Osons)','Fulcin Imported','./img/DEFAULT.png','Suspension','Osons','Bottle','ml',0,'ml',1,2,2,'2020-12-20 05:14:07','2020-12-20 05:14:07'),('Fulcin Local Suspensions 1Ml (Others)','Fulcin Local','./img/DEFAULT.png','Suspension','Others','Bottle','ml',0,'ml',1,2,2,'2020-12-20 05:13:39','2020-12-20 05:13:39'),('Fumet Suspensions 1Ml (Eskay)','Fumet','./img/DEFAULT.png','Suspension','Eskay','Bottle','ml',0,'ml',1,4,2,'2020-12-20 05:00:18','2020-12-20 05:00:18'),('Funbat Creams 0G (Tobinco)','Funbat','./img/DEFAULT.png','Cream','Tobinco','Bottle','ml',0,'g',0,2,2,'2020-12-26 15:10:00','2020-12-26 15:10:00'),('Gacet 125Mg Supplement 0G (Tobinco)','Gacet 125Mg','./img/DEFAULT.png','Supplement','Tobinco','Bottle','ml',0,'g',0,3,2,'2020-12-21 19:52:55','2020-12-21 19:52:55'),('Gacet 250Mg Supplement 0G (Tobinco)','Gacet 250Mg','./img/DEFAULT.png','Supplement','Tobinco','Bottle','ml',0,'g',0,3,2,'2020-12-21 19:53:26','2020-12-21 19:53:26'),('Gana Balm 0G (Others)','Gana','./img/DEFAULT.png','Balm','Others','Bottle','ml',0,'g',0,2,2,'2021-01-07 18:08:44','2021-01-07 18:08:44'),('Gastracid Suspensions 0L (Gb)','Gastracid','./img/DEFAULT.png','Suspension','Gb Pharma Limited','Bottle','ml',0,'l',0,2,2,'2020-12-20 10:01:54','2020-12-20 10:01:54'),('Gastrone Suspensions 0L (Ernest Chemist)','Gastrone','./img/DEFAULT.png','Suspension','Ernest Chemist','Bottle','ml',0,'l',0,2,2,'2020-12-20 10:01:18','2020-12-20 10:01:18'),('Gauze 3 Inches Bandage 0G (Others)','Gauze 3 Inches','./img/DEFAULT.png','Bandage','Others','Bottle','ml',0,'g',0,2,2,'2021-01-02 19:15:41','2021-01-02 19:15:41'),('Gauze 4Inches Bandage 0G (Others)','Gauze 4Inches','./img/DEFAULT.png','Bandage','Others','Bottle','ml',0,'g',0,2,2,'2021-01-02 19:17:43','2021-01-02 19:17:43'),('Gauze 6Inches Bandage 0G (Osons)','Gauze 6Inches','./img/DEFAULT.png','Bandage','Osons','Bottle','ml',0,'g',0,2,2,'2021-01-02 19:18:21','2021-01-02 19:18:21'),('Gbedemah Bitters 0G (Others)','Gbedemah','./img/DEFAULT.png','Bitters','Others','Bottle','ml',0,'g',0,2,2,'2020-12-25 10:48:37','2020-12-25 10:48:37'),('Gebedol Extra Tabs 0Mg (Gb)','Gebedol Extra','./img/DEFAULT.png','Tablet','Gb Pharma Limited','Bottle','ml',0,'mg',0,10,2,'2020-12-20 09:48:22','2020-12-20 09:48:22'),('Gebedol Forte Tabs 0Mg (Gb)','Gebedol Forte','./img/DEFAULT.png','Tablet','Gb Pharma Limited','Bottle','ml',0,'mg',0,12,2,'2020-12-20 09:48:02','2020-12-20 09:48:02'),('Gebedol Plus Tabs 0G (Gb)','Gebedol Plus','./img/DEFAULT.png','Tablet','Gb Pharma Limited','Bottle','ml',0,'g',0,2,2,'2020-12-25 12:20:36','2020-12-25 12:20:36'),('Gebedol Plus Tabs 0Mg (Gb)','Gebedol Plus','./img/DEFAULT.png','Tablet','Gb Pharma Limited','Bottle','ml',0,'mg',0,5,2,'2020-12-20 09:48:41','2020-12-20 09:48:41'),('Gebedol Tabs 0Mg (Gb)','Gebedol','./img/DEFAULT.png','Tablet','Gb Pharma Limited','Bottle','ml',0,'mg',0,60,2,'2020-12-20 09:47:38','2020-12-20 09:47:38'),('Gebefluc 150Mg Capsule 0G (Gb)','Gebefluc 150Mg','./img/DEFAULT.png','Capsule','Gb Pharma Limited','Bottle','ml',0,'g',0,2,2,'2021-01-05 21:38:18','2021-01-05 21:38:18'),('Genta Drop 0L (Others)','Genta','./img/DEFAULT.png','Drops','Others','Bottle','ml',0,'l',0,6,2,'2020-12-20 07:04:46','2020-12-20 07:04:46'),('Gifas Mixture 0G (Others)','Gifas','./img/DEFAULT.png','Mixture','Others','Bottle','ml',0,'g',0,1,2,'2020-12-20 19:06:07','2020-12-20 19:06:07'),('Ginsomin Capsule 0G (Others)','Ginsomin','./img/DEFAULT.png','Capsule','Others','Bottle','ml',0,'g',0,1,2,'2020-12-26 15:08:42','2020-12-26 15:08:42'),('Givers Koo Capsule 0G (Others)','Givers Koo','./img/DEFAULT.png','Capsule','Others','Bottle','ml',0,'g',0,2,2,'2020-12-20 17:37:13','2020-12-20 17:37:13'),('Givers P Capsule 0G (Others)','Givers P','./img/DEFAULT.png','Capsule','Others','Bottle','ml',0,'g',0,2,2,'2020-12-20 17:36:54','2020-12-20 17:36:54'),('Glibenil Tabs 0Mg (Ernest Chemist)','Glibenil','./img/DEFAULT.png','Tablet','Ernest Chemist','Bottle','ml',0,'mg',0,10,2,'2020-12-20 07:30:05','2020-12-20 07:30:05'),('Glibetics Tabs 0Mg (Kinapharma)','Glibetics','./img/DEFAULT.png','Tablet','Kinapharma','Bottle','ml',0,'mg',0,10,2,'2020-12-20 07:30:30','2020-12-20 07:30:30'),('Glimepiride 4Mg( Glimer) Tabs 0Mg (Others)','Glimepiride 4Mg( Glimer)','./img/DEFAULT.png','Tablet','Others','Bottle','ml',0,'mg',0,1,2,'2020-12-20 07:32:53','2020-12-20 07:32:53'),('Glo Power Capsule Capsule 0Mg (Baseline)','Glo Power Capsule','./img/DEFAULT.png','Capsule','Baseline','Bottle','ml',0,'mg',0,2,2,'2020-11-24 11:28:33','2020-11-24 11:28:33'),('Glo Power Syrup Syrup 0Ml (Baseline)','Glo Power Syrup','./img/DEFAULT.png','Syrup','Baseline','Bottle','ml',0,'ml',0,2,2,'2020-11-24 11:27:46','2020-11-24 11:27:46'),('Gloves Others 0G (Others)','Gloves','./img/DEFAULT.png','Others','Others','Bottle','ml',0,'g',0,10,2,'2020-12-26 21:20:37','2020-12-26 21:20:37'),('Glucosamine & Chondroitin Tabs 0Others (Unichem)','Glucosamine & Chondroitin','./img/DEFAULT.png','Tablet','Unichem Industries','Bottle','ml',0,'others',0,1,2,'2020-12-19 16:23:12','2020-12-19 16:23:12'),('Glucose Powder 0G (Ernest Chemist)','Glucose','./img/DEFAULT.png','Powder','Ernest Chemist','Bottle','ml',0,'g',0,1,2,'2020-12-20 17:25:36','2020-12-20 17:25:36'),('Glycerine Big Oil 0G (Others)','Glycerine Big','./img/DEFAULT.png','Oil','Others','Bottle','ml',0,'g',0,2,2,'2020-12-20 16:23:34','2020-12-20 16:23:34'),('Glycerine Small Oil 0Mg (Others)','Glycerine Small','./img/DEFAULT.png','Oil','Others','Bottle','ml',0,'mg',0,2,2,'2020-12-20 16:23:18','2020-12-20 16:23:18'),('Go Cough Syrup 0G (Unicom)','Go Cough','./img/DEFAULT.png','Syrup','Unicom','Bottle','ml',0,'g',0,4,2,'2020-11-24 13:05:34','2020-11-24 13:05:34'),('Gogynax Creams 0G (Others)','Gogynax','./img/DEFAULT.png','Cream','Others','Bottle','ml',0,'g',0,3,2,'2020-12-23 20:03:30','2020-12-23 20:03:30'),('Goldy Suspensions 0Mg (Others)','Goldy','./img/DEFAULT.png','Suspension','Others','Bottle','ml',0,'mg',0,2,2,'2020-12-20 08:09:10','2020-12-20 08:09:10'),('Green Tea Tea 1Others (21St Century)','Green Tea','./img/DEFAULT.png','Tea','21st Century','Bottle','ml',0,'others',1,1,2,'2020-11-24 11:06:40','2020-11-24 11:06:40'),('Gudapet Syrup Syrup 0Ml (Baseline)','Gudapet Syrup','./img/DEFAULT.png','Syrup','Baseline','Bottle','ml',0,'ml',0,2,2,'2020-11-24 11:41:50','2020-11-24 11:41:50'),('Gudapet Tabs Syrup 0Mg (Baseline)','Gudapet Tabs','./img/DEFAULT.png','Syrup','Baseline','Bottle','ml',0,'mg',0,2,2,'2020-11-24 11:43:21','2020-11-24 11:43:21'),('Gv Paint Others 0G (Others)','Gv Paint','./img/DEFAULT.png','Others','Others','Bottle','ml',0,'g',0,10,2,'2020-12-22 18:26:24','2020-12-22 18:26:24'),('Gvither Injection 0G (Tobinco)','Gvither','./img/DEFAULT.png','Injection','Tobinco','Bottle','ml',0,'g',0,4,2,'2020-12-21 21:08:13','2020-12-21 21:08:13'),('Gyno-Daktarin Pessaries 0G (Osons)','Gyno-Daktarin','./img/DEFAULT.png','Pessaries','Osons','Bottle','ml',0,'g',0,1,2,'2020-12-21 21:15:14','2020-12-21 21:15:14'),('Gyno-Mycolex Pessaries 0G (Unichem)','Gyno-Mycolex','./img/DEFAULT.png','Pessaries','Unichem Industries','Bottle','ml',0,'g',0,2,2,'2020-12-21 21:15:37','2020-12-21 21:15:37'),('Gypron Plus Syrup Syrup 0G (Unicom)','Gypron Plus Syrup','./img/DEFAULT.png','Syrup','Unicom','Bottle','ml',0,'g',0,2,2,'2020-11-24 13:09:48','2020-11-24 13:09:48'),('Gypron Plus Tabs Tabs 0G (Unicom)','Gypron Plus Tabs','./img/DEFAULT.png','Tablet','Unicom','Bottle','ml',0,'g',0,10,2,'2020-11-24 13:10:18','2020-11-24 13:10:18'),('Haem Up Syrup 0G (Unichem)','Haem Up','./img/DEFAULT.png','Syrup','Unichem Industries','Bottle','ml',0,'g',0,2,2,'2020-12-25 19:23:56','2020-12-25 19:23:56'),('Haemo Forte Syrup 0Mg (Others)','Haemo Forte','./img/DEFAULT.png','Syrup','Others','Bottle','ml',0,'mg',0,2,2,'2020-12-20 16:34:26','2020-12-20 16:34:26'),('Haemoglobin Arytons Syrup 0Mg (Arytons)','Haemoglobin Arytons','./img/DEFAULT.png','Syrup','Arytons','Bottle','ml',0,'mg',0,4,2,'2020-12-01 17:23:39','2020-12-01 17:23:39'),('Haemoglobin Syrup 0Others (M&G)','Haemoglobin','./img/DEFAULT.png','Syrup','M&G','Bottle','ml',0,'others',0,5,2,'2020-11-24 09:29:57','2020-11-24 09:29:57'),('Haemoglonin Syrup 0Others (Letap)','Haemoglonin','./img/DEFAULT.png','Syrup','Letap','Bottle','ml',0,'others',0,4,2,'2020-11-24 09:29:23','2020-11-24 09:29:23'),('Hapenz Syrup Syrup 0G (Unicom)','Hapenz Syrup','./img/DEFAULT.png','Syrup','Unicom','Bottle','ml',0,'g',0,2,2,'2020-11-24 13:33:27','2020-11-24 13:33:27'),('Hb 12 Syrup Syrup 0G (Unicom)','Hb 12 Syrup','./img/DEFAULT.png','Syrup','Unicom','Bottle','ml',0,'g',0,2,2,'2020-11-24 13:16:24','2020-11-24 13:16:24'),('Hb Rich Syrup 0Ml (Baseline)','Hb Rich','./img/DEFAULT.png','Syrup','Baseline','Bottle','ml',0,'ml',0,2,2,'2020-11-24 11:28:55','2020-11-24 11:28:55'),('Heptolif Big Syrup 0Ml (Baseline)','Heptolif Big','./img/DEFAULT.png','Syrup','Baseline','Bottle','ml',0,'ml',0,2,2,'2020-11-24 11:25:10','2020-11-24 11:25:10'),('Heptolif Small Syrup 0G (Baseline)','Heptolif Small','./img/DEFAULT.png','Syrup','Baseline','Bottle','ml',0,'g',0,2,2,'2021-01-04 19:53:23','2021-01-04 19:53:23'),('Heptopep Syrup 0Ml (Baseline)','Heptopep','./img/DEFAULT.png','Syrup','Baseline','Bottle','ml',0,'ml',0,2,2,'2020-11-24 11:37:59','2020-11-24 11:37:59'),('Herbal Slimming Tea Tea 0Ml (21St Century)','Herbal Slimming Tea','./img/DEFAULT.png','Tea','21st Century','Bottle','ml',0,'ml',0,2,2,'2020-11-24 11:07:29','2020-11-24 11:07:29'),('Hi Lady Others 0G (Others)','Hi Lady','./img/DEFAULT.png','Others','Others','Bottle','ml',0,'g',0,2,2,'2020-12-20 19:05:41','2020-12-20 19:05:41'),('Histazine Tabs Tabs 0G (M&G)','Histazine Tabs','./img/DEFAULT.png','Tablet','M&G','Bottle','ml',0,'g',0,5,2,'2020-12-01 16:48:18','2020-12-01 16:48:18'),('Hostan Capsule 0Mg (Others)','Hostan','./img/DEFAULT.png','Capsule','Others','Bottle','ml',0,'mg',0,3,2,'2020-12-20 14:54:21','2020-12-20 14:54:21'),('Hydrocortisone Big Creams 0G (Exeter)','Hydrocortisone Big','./img/DEFAULT.png','Cream','Exeter','Bottle','ml',0,'g',0,2,2,'2020-12-23 20:57:50','2020-12-23 20:57:50'),('Hydrocortisone Small Creams 0G (Others)','Hydrocortisone Small','./img/DEFAULT.png','Cream','Others','Bottle','ml',0,'g',0,2,2,'2020-12-23 20:58:53','2020-12-23 20:58:53'),('Hydrogen Ecl Others 0Others (Unichem)','Hydrogen Ecl','./img/DEFAULT.png','Others','Unichem Industries','Bottle','ml',0,'others',0,2,2,'2020-12-19 18:16:46','2020-12-19 18:16:46'),('Hydrogen Local Others 0G (Others)','Hydrogen Local','./img/DEFAULT.png','Others','Others','Bottle','ml',0,'g',0,3,2,'2020-12-22 19:00:33','2020-12-22 19:00:33'),('Hydrogen Local Others 0Others (M&G)','Hydrogen Local','./img/DEFAULT.png','Others','M&G','Bottle','ml',0,'others',0,5,2,'2020-12-19 18:16:23','2020-12-19 18:16:23'),('Ibucap Capsule 0Mg (Shalina)','Ibucap','./img/DEFAULT.png','Capsule','Shalina','Bottle','ml',0,'mg',0,4,2,'2020-12-20 09:45:48','2020-12-20 09:45:48'),('Ibuglo Capsule 0Mg (Baseline)','Ibuglo','./img/DEFAULT.png','Capsule','Baseline','Bottle','ml',0,'mg',0,3,2,'2020-12-20 09:46:39','2020-12-20 09:46:39'),('Ideos Tabs 0G (Others)','Ideos','./img/DEFAULT.png','Tablet','Others','Bottle','ml',0,'g',0,1,2,'2020-12-26 10:25:49','2020-12-26 10:25:49'),('Imax Spray 0L (Others)','Imax','./img/DEFAULT.png','Spray','Others','Bottle','ml',0,'l',0,2,2,'2020-12-23 18:44:26','2020-12-23 18:44:26'),('Imboost Syrup 0G (Letap)','Imboost','./img/DEFAULT.png','Syrup','Letap','Bottle','ml',0,'g',0,2,2,'2020-12-01 18:37:22','2020-12-01 18:37:22'),('Impresser Capsule Capsule 0G (Unicom)','Impresser Capsule','./img/DEFAULT.png','Capsule','Unicom','Bottle','ml',0,'g',0,1,2,'2020-11-24 13:32:39','2020-11-24 13:32:39'),('Impresser Oil Others 0G (Baseline)','Impresser Oil','./img/DEFAULT.png','Others','Baseline','Bottle','ml',0,'g',0,1,2,'2020-11-24 13:33:05','2020-11-24 13:33:05'),('Indocid Capsule 0G (Letap)','Indocid','./img/DEFAULT.png','Capsule','Letap','Bottle','ml',0,'g',0,10,2,'2020-12-24 22:31:00','2020-12-24 22:31:00'),('Infa V Creams 0G (Others)','Infa V','./img/DEFAULT.png','Cream','Others','Bottle','ml',0,'g',0,1,2,'2020-12-27 21:07:04','2020-12-27 21:07:04'),('Infa-V Pessaries 0G (Others)','Infa-V','./img/DEFAULT.png','Pessaries','Others','Bottle','ml',0,'g',0,2,2,'2020-12-21 21:16:12','2020-12-21 21:16:12'),('Infacol Drops 0L (Unicom)','Infacol','./img/DEFAULT.png','Drops','Unicom','Bottle','ml',0,'l',0,1,2,'2020-11-24 11:16:16','2020-11-24 11:16:16'),('Intavita Capsule 0Others (Unicom)','Intavita','./img/DEFAULT.png','Capsule','Unicom','Bottle','ml',0,'others',0,2,2,'2020-11-24 08:25:18','2020-11-24 08:25:18'),('Itraconazole Capsule 0G (Uk)','Itraconazole','./img/DEFAULT.png','Capsule','Uk','Bottle','ml',0,'g',0,6,2,'2020-12-21 21:55:40','2020-12-21 21:55:40'),('Jet 2 Cough Syrup 0G (Baseline)','Jet 2 Cough','./img/DEFAULT.png','Syrup','Baseline','Bottle','ml',0,'g',0,2,2,'2020-11-24 12:14:22','2020-11-24 12:14:22'),('Jet 2 Lozenges 0G (Others)','Jet 2','./img/DEFAULT.png','Lozenges','Others','Bottle','ml',0,'g',0,6,2,'2020-12-26 20:37:34','2020-12-26 20:37:34'),('Johnson Oil Small Syrup 0Others (Ernest Chemist)','Johnson Oil Small','./img/DEFAULT.png','Syrup','Ernest Chemist','Bottle','ml',0,'others',0,2,2,'2020-12-19 14:10:07','2020-12-19 14:10:07'),('Joy Ointments 0G (Others)','Joy','./img/DEFAULT.png','Ointment','Others','Bottle','ml',0,'g',0,4,2,'2020-12-20 17:04:56','2020-12-20 17:04:56'),('Kalamine Big Lotion 0G (Ernest Chemist)','Kalamine Big','./img/DEFAULT.png','Lotion','Ernest Chemist','Bottle','ml',0,'g',0,1,2,'2020-12-20 16:52:59','2020-12-20 16:52:59'),('Kalamine Small Lotion 0G (Ernest Chemist)','Kalamine Small','./img/DEFAULT.png','Lotion','Ernest Chemist','Bottle','ml',0,'g',0,2,2,'2020-12-20 16:55:37','2020-12-20 16:55:37'),('Kamaclox Mouth Wash Syrup 0Others (Osons)','Kamaclox Mouth Wash','./img/DEFAULT.png','Syrup','Osons','Bottle','ml',0,'others',0,2,2,'2020-12-19 15:40:29','2020-12-19 15:40:29'),('Keptrils Lozenges 0Mg (Others)','Keptrils','./img/DEFAULT.png','Lozenges','Others','Bottle','ml',0,'mg',0,6,2,'2020-12-20 15:48:54','2020-12-20 15:48:54'),('Ketazole Creams 0G (Shalina)','Ketazole','./img/DEFAULT.png','Cream','Shalina','Bottle','ml',0,'g',0,2,2,'2020-12-23 20:00:38','2020-12-23 20:00:38'),('Kidicare Syrup Syrup 0Others (Unichem)','Kidicare Syrup','./img/DEFAULT.png','Syrup','Unichem Industries','Bottle','ml',0,'others',0,3,2,'2020-12-19 16:22:11','2020-12-19 16:22:11'),('Kidics Syrup Syrup 0Others (Unichem)','Kidics Syrup','./img/DEFAULT.png','Syrup','Unichem Industries','Bottle','ml',0,'others',0,3,2,'2020-12-19 16:21:44','2020-12-19 16:21:44'),('Kidivite 200Ml Syrup 0G (Ernest Chemist)','Kidivite 200Ml','./img/DEFAULT.png','Syrup','Ernest Chemist','Bottle','ml',0,'g',0,2,2,'2020-12-25 14:53:35','2020-12-25 14:53:35'),('Kidivite Drop Syrup 0G (Unicom)','Kidivite Drop','./img/DEFAULT.png','Syrup','Unicom','Bottle','ml',0,'g',0,1,2,'2020-11-24 12:32:04','2020-11-24 12:32:04'),('Kidivite Syrup Big Spray 0G (Baseline)','Kidivite Syrup Big','./img/DEFAULT.png','Spray','Baseline','Bottle','ml',0,'g',0,1,2,'2020-11-24 12:34:33','2020-11-24 12:34:33'),('Kidivite Syrup Small Syrup 0G (Baseline)','Kidivite Syrup Small','./img/DEFAULT.png','Syrup','Baseline','Bottle','ml',0,'g',0,1,2,'2020-11-24 12:33:56','2020-11-24 12:33:56'),('Kinafen Express Capsule 0Mg (Kinapharma)','Kinafen Express','./img/DEFAULT.png','Capsule','Kinapharma','Bottle','ml',0,'mg',0,3,2,'2020-12-20 09:24:48','2020-12-20 09:24:48'),('Kingdom Garlic Bitters Spray 0G (Letap)','Kingdom Garlic Bitters','./img/DEFAULT.png','Spray','Letap','Bottle','ml',0,'g',0,2,2,'2020-12-01 18:33:22','2020-12-01 18:33:22'),('Kingdom Garlic Capsule 0G (Letap)','Kingdom Garlic Capsule','./img/DEFAULT.png','Capsule','Letap','Bottle','ml',0,'g',0,2,2,'2020-12-01 18:32:54','2020-12-01 18:32:54'),('Kingdom Ginseng Capsule 0G (Others)','Kingdom Ginseng','./img/DEFAULT.png','Capsule','Others','Bottle','ml',0,'g',0,2,2,'2020-12-20 17:39:10','2020-12-20 17:39:10'),('Kiss Condom 0G (Others)','Kiss','./img/DEFAULT.png','Condom','Others','Bottle','ml',0,'g',0,6,2,'2020-12-23 18:40:18','2020-12-23 18:40:18'),('Klire Tabs 0G (Others)','Klire','./img/DEFAULT.png','Tablet','Others','Bottle','ml',0,'g',0,6,2,'2020-12-24 19:29:21','2020-12-24 19:29:21'),('Klovenal Pessaries 0G (Others)','Klovenal','./img/DEFAULT.png','Pessaries','Others','Bottle','ml',0,'g',0,2,2,'2020-12-21 21:50:28','2020-12-21 21:50:28'),('Koffex Adult Syrup 0Mg (Unicom)','Koffex Adult','./img/DEFAULT.png','Syrup','Unicom','Bottle','ml',0,'mg',0,5,2,'2020-11-24 13:04:13','2020-11-24 13:04:13'),('Koffex Jun Syrup 0G (Baseline)','Koffex Jun','./img/DEFAULT.png','Syrup','Baseline','Bottle','ml',0,'g',0,3,2,'2020-11-24 13:04:38','2020-11-24 13:04:38'),('Koflet Syrup 0L (Unicom)','Koflet','./img/DEFAULT.png','Syrup','Unicom','Bottle','ml',0,'l',0,2,2,'2020-11-24 11:14:27','2020-11-24 11:14:27'),('Kofof Baby Syrup 0L (Baseline)','Kofof Baby','./img/DEFAULT.png','Syrup','Baseline','Bottle','ml',0,'l',0,3,2,'2020-12-01 16:45:14','2020-12-01 16:45:14'),('Kofof Cough Adult Syrup 0Ml (Baseline)','Kofof Cough Adult','./img/DEFAULT.png','Syrup','Baseline','Bottle','ml',0,'ml',0,2,2,'2020-11-24 11:19:42','2020-11-24 11:19:42'),('Kofof Jun Syrup 0G (Baseline)','Kofof Jun','./img/DEFAULT.png','Syrup','Baseline','Bottle','ml',0,'g',0,3,2,'2020-12-01 16:45:35','2020-12-01 16:45:35'),('Kwik Action Tabs 0G (Kinapharma)','Kwik Action','./img/DEFAULT.png','Tablet','Kinapharma','Bottle','ml',0,'g',0,20,2,'2020-12-26 20:54:52','2020-12-26 20:54:52'),('L Montus Adult Tabs 0G (Unicom)','L Montus Adult','./img/DEFAULT.png','Tablet','Unicom','Bottle','ml',0,'g',0,1,2,'2020-12-20 15:57:02','2020-12-20 15:57:02'),('L Montus Kids Tabs 0G (Unicom)','L Montus Kids','./img/DEFAULT.png','Tablet','Unicom','Bottle','ml',0,'g',0,1,2,'2020-12-20 15:56:39','2020-12-20 15:56:39'),('Lactulose Syrup 0G (M&G)','Lactulose','./img/DEFAULT.png','Syrup','M&G','Bottle','ml',0,'g',0,1,2,'2020-12-20 16:52:24','2020-12-20 16:52:24'),('Ladinas Tabs 0G (Others)','Ladinas','./img/DEFAULT.png','Tablet','Others','Bottle','ml',0,'g',0,2,2,'2020-12-23 18:13:56','2020-12-23 18:13:56'),('Lavet Others 0G (Others)','Lavet','./img/DEFAULT.png','Others','Others','Bottle','ml',0,'g',0,2,2,'2020-12-20 19:05:00','2020-12-20 19:05:00'),('Leena Capsule Capsule 0G (Baseline)','Leena Capsule','./img/DEFAULT.png','Capsule','Baseline','Bottle','ml',0,'g',0,3,2,'2020-11-24 11:51:26','2020-11-24 11:51:26'),('Leena Syrup Syrup 0G (Baseline)','Leena Syrup','./img/DEFAULT.png','Syrup','Baseline','Bottle','ml',0,'g',0,2,2,'2020-11-24 11:50:47','2020-11-24 11:50:47'),('Lemsip Cold And Flu Sachet 0G (Unicom)','Lemsip Cold And Flu','./img/DEFAULT.png','Sachet','Unicom','Bottle','ml',0,'g',0,3,2,'2020-12-26 09:56:51','2020-12-26 09:56:51'),('Lemsip Powder 0L (Uk)','Lemsip','./img/DEFAULT.png','Powder','Uk','Bottle','ml',0,'l',0,4,2,'2020-12-20 15:25:36','2020-12-20 15:25:36'),('Leopard Ointments 0G (Shalina)','Leopard','./img/DEFAULT.png','Ointment','Shalina','Bottle','ml',0,'g',0,3,2,'2020-12-27 15:42:22','2020-12-27 15:42:22'),('Leorub Ointments 0G (Gb)','Leorub','./img/DEFAULT.png','Ointment','Gb Pharma Limited','Bottle','ml',0,'g',0,3,2,'2020-12-27 15:40:16','2020-12-27 15:40:16'),('Letalin Cough Syrup 0G (Baseline)','Letalin Cough','./img/DEFAULT.png','Syrup','Baseline','Bottle','ml',0,'g',0,10,2,'2020-11-24 13:05:02','2020-11-24 13:05:02'),('Letaplex B Syrup 0Others (Letap)','Letaplex B','./img/DEFAULT.png','Syrup','Letap','Bottle','ml',0,'others',0,3,2,'2020-12-19 18:14:24','2020-12-19 18:14:24'),('Letavit Syrup 0Others (Letap)','Letavit','./img/DEFAULT.png','Syrup','Letap','Bottle','ml',0,'others',0,2,2,'2020-12-19 17:40:03','2020-12-19 17:40:03'),('Levon 2 Tabs 0G (Others)','Levon 2','./img/DEFAULT.png','Tablet','Others','Bottle','ml',0,'g',0,4,2,'2020-12-23 18:46:07','2020-12-23 18:46:07'),('Lexofen Plus Syrup Syrup 0G (Gb Pharma)','Lexofen Plus Syrup','./img/DEFAULT.png','Syrup','Gb Pharma Limited','Bottle','ml',0,'g',0,4,2,'2020-11-24 14:05:17','2020-11-24 14:05:17'),('Lexofen Plus Tabs Tabs 1Others (Ernest Chemist)','Lexofen Plus Tabs','./img/DEFAULT.png','Tablet','Ernest Chemist','Bottle','ml',0,'others',1,3,2,'2020-12-19 09:38:44','2020-12-19 09:38:44'),('Lexsporin Ointments 0G (Unichem)','Lexsporin','./img/DEFAULT.png','Ointment','Unichem Industries','Bottle','ml',0,'g',0,2,2,'2020-12-23 20:03:53','2020-12-23 20:03:53'),('Lexsporin Powder 0G (Unichem)','Lexsporin','./img/DEFAULT.png','Powder','Unichem Industries','Bottle','ml',0,'g',0,2,2,'2020-12-23 20:04:21','2020-12-23 20:04:21'),('Libido Support Capsule 0G (Others)','Libido Support','./img/DEFAULT.png','Capsule','Others','Bottle','ml',0,'g',0,10,2,'2021-01-04 05:51:11','2021-01-04 05:51:11'),('Lifetone Syrup Syrup 0G (Unicom)','Lifetone Syrup','./img/DEFAULT.png','Syrup','Unicom','Bottle','ml',0,'g',0,2,2,'2020-11-24 13:16:53','2020-11-24 13:16:53'),('Linctus Cough Adult Syrup 0G (Baseline)','Linctus Cough Adult','./img/DEFAULT.png','Syrup','Baseline','Bottle','ml',0,'g',0,2,2,'2020-11-24 11:56:30','2020-11-24 11:56:30'),('Linkof Baby Syrup 0G (Kinapharma)','Linkof Baby','./img/DEFAULT.png','Syrup','Kinapharma','Bottle','ml',0,'g',0,3,2,'2020-11-24 14:01:57','2020-11-24 14:01:57'),('Linkof Child Syrup 0G (Gb Pharma)','Linkof Child','./img/DEFAULT.png','Syrup','Gb Pharma Limited','Bottle','ml',0,'g',0,3,2,'2020-11-24 14:01:09','2020-11-24 14:01:09'),('Lintus Baby Cough Syrup 0G (Baseline)','Lintus Baby Cough','./img/DEFAULT.png','Syrup','Baseline','Bottle','ml',0,'g',0,3,2,'2020-11-24 11:57:29','2020-11-24 11:57:29'),('Liqufruta Big Syrup 0Ml (Unicom)','Liqufruta Big','./img/DEFAULT.png','Syrup','Unicom','Bottle','ml',0,'ml',0,2,2,'2020-11-24 11:21:53','2020-11-24 11:21:53'),('Liqufruta Small Cough Syrup 1Ml (Ernest Chemist)','Liqufruta Small Cough','./img/DEFAULT.png','Syrup','Ernest Chemist','Bottle','ml',0,'ml',1,2,2,'2020-12-19 09:28:30','2020-12-19 09:28:30'),('Liquid Parafin Others 0Others (Unicom)','Liquid Parafin','./img/DEFAULT.png','Others','Unicom','Bottle','ml',0,'others',0,2,2,'2020-12-19 15:38:44','2020-12-19 15:38:44'),('Lisinopril 10Mg Tabs 0Mg (Uk)','Lisinopril 10Mg','./img/DEFAULT.png','Tablet','Uk','Bottle','ml',0,'mg',0,4,2,'2020-12-20 07:39:11','2020-12-20 07:39:11'),('Lisinopril 20Mg Tabs 0Mg (Uk)','Lisinopril 20Mg','./img/DEFAULT.png','Tablet','Uk','Bottle','ml',0,'mg',0,3,2,'2020-12-20 07:39:31','2020-12-20 07:39:31'),('Lisinopril 5Mg Tabs 0Mg (Uk)','Lisinopril 5Mg','./img/DEFAULT.png','Tablet','Uk','Bottle','ml',0,'mg',0,4,2,'2020-12-20 07:38:48','2020-12-20 07:38:48'),('Listerine Mouth Wash Syrup 0Others (Ernest Chemist)','Listerine Mouth Wash','./img/DEFAULT.png','Syrup','Ernest Chemist','Bottle','ml',0,'others',0,2,2,'2020-12-19 14:09:26','2020-12-19 14:09:26'),('Liv 52 Syrup Syrup 0Ml (Unicom)','Liv 52 Syrup','./img/DEFAULT.png','Syrup','Unicom','Bottle','ml',0,'ml',0,1,2,'2020-11-24 11:15:48','2020-11-24 11:15:48'),('Liv 52 Tabs Tabs 0Mg (Unicom)','Liv 52 Tabs','./img/DEFAULT.png','Tablet','Unicom','Bottle','ml',0,'mg',0,1,2,'2020-11-24 11:15:14','2020-11-24 11:15:14'),('Liverplex B Syrup 0G (Letap)','Liverplex B','./img/DEFAULT.png','Syrup','Letap','Bottle','ml',0,'g',0,2,2,'2020-12-01 17:21:12','2020-12-01 17:21:12'),('Liversalt(No.10) Sachet 0G (Ernest Chemist)','Liversalt(No.10)','./img/DEFAULT.png','Sachet','Ernest Chemist','Bottle','ml',0,'g',0,20,2,'2020-12-26 15:34:32','2020-12-26 15:34:32'),('Livertone Big Syrup 0Others (Ernest Chemist)','Livertone Big','./img/DEFAULT.png','Syrup','Ernest Chemist','Bottle','ml',0,'others',0,2,2,'2020-12-19 17:38:49','2020-12-19 17:38:49'),('Livertone Small Syrup 0Others (Ernest Chemist)','Livertone Small','./img/DEFAULT.png','Syrup','Ernest Chemist','Bottle','ml',0,'others',0,2,2,'2020-12-19 17:38:28','2020-12-19 17:38:28'),('Living Bitters Capsule 0G (Others)','Living Bitters','./img/DEFAULT.png','Capsule','Others','Bottle','ml',0,'g',0,1,2,'2020-12-20 17:26:01','2020-12-20 17:26:01'),('Living Bitters Small Syrup 0G (Others)','Living Bitters Small','./img/DEFAULT.png','Syrup','Others','Bottle','ml',0,'g',0,1,2,'2020-12-20 17:26:34','2020-12-20 17:26:34'),('Lofnac 100Mg Tabs 0Mg (Teva)','Lofnac 100Mg','./img/DEFAULT.png','Tablet','Teva','Bottle','ml',0,'mg',0,6,2,'2020-12-20 09:27:38','2020-12-20 09:27:38'),('Lofnac 50Mg Tabs 0Mg (Tobinco)','Lofnac 50Mg','./img/DEFAULT.png','Tablet','Tobinco','Bottle','ml',0,'mg',0,4,2,'2020-12-20 09:27:57','2020-12-20 09:27:57'),('Lofnac Supplement 0G (Tobinco)','Lofnac','./img/DEFAULT.png','Supplement','Tobinco','Bottle','ml',0,'g',0,5,2,'2020-12-21 20:37:35','2020-12-21 20:37:35'),('Lofnac-P Tabs 0G (Tobinco)','Lofnac-P','./img/DEFAULT.png','Tablet','Tobinco','Bottle','ml',0,'g',0,5,2,'2021-01-05 21:24:12','2021-01-05 21:24:12'),('Lofnag Gel 0Mg (Tobinco)','Lofnag','./img/DEFAULT.png','Gel','Tobinco','Bottle','ml',0,'mg',0,3,2,'2020-12-20 09:28:20','2020-12-20 09:28:20'),('Lonart Ds Tabs 0Mg (Tobinco)','Lonart Ds','./img/DEFAULT.png','Tablet','Tobinco','Bottle','ml',0,'mg',0,6,2,'2020-12-20 08:03:39','2020-12-20 08:03:39'),('Lonart Forte Tabs 0Mg (Tobinco)','Lonart Forte','./img/DEFAULT.png','Tablet','Tobinco','Bottle','ml',0,'mg',0,6,2,'2020-12-20 08:03:57','2020-12-20 08:03:57'),('Lonart Suspensions 0Mg (Teva)','Lonart','./img/DEFAULT.png','Suspension','Teva','Bottle','ml',0,'mg',0,4,2,'2020-12-20 08:04:25','2020-12-20 08:04:25'),('Loratadine Tabs 0G (Uk)','Loratadine','./img/DEFAULT.png','Tablet','Uk','Bottle','ml',0,'g',0,4,2,'2020-12-20 16:09:02','2020-12-20 16:09:02'),('Losartan 50Mg Tabs 0Mg (Teva)','Losartan 50Mg','./img/DEFAULT.png','Tablet','Teva','Bottle','ml',0,'mg',0,2,2,'2020-12-20 07:40:35','2020-12-20 07:40:35'),('Lucky V Others 0G (Others)','Lucky V','./img/DEFAULT.png','Others','Others','Bottle','ml',0,'g',0,2,2,'2020-12-20 17:49:04','2020-12-20 17:49:04'),('Luex Adult Syrup 0G (Baseline)','Luex Adult','./img/DEFAULT.png','Syrup','Baseline','Bottle','ml',0,'g',0,2,2,'2020-11-24 12:10:09','2020-11-24 12:10:09'),('Luex Baby Syrup 0G (Baseline)','Luex Baby','./img/DEFAULT.png','Syrup','Baseline','Bottle','ml',0,'g',0,3,2,'2020-11-24 12:08:38','2020-11-24 12:08:38'),('Luex Jun Syrup 0G (Baseline)','Luex Jun','./img/DEFAULT.png','Syrup','Baseline','Bottle','ml',0,'g',0,2,2,'2020-11-24 12:09:02','2020-11-24 12:09:02'),('Lufart Ds Tabs 0G (Tobinco)','Lufart Ds','./img/DEFAULT.png','Tablet','Tobinco','Bottle','ml',0,'g',0,3,2,'2020-12-25 14:39:58','2020-12-25 14:39:58'),('Lumether Suspensions 0Mg (Kinapharma)','Lumether','./img/DEFAULT.png','Suspension','Kinapharma','Bottle','ml',0,'mg',0,4,2,'2020-12-20 08:10:54','2020-12-20 08:10:54'),('Lumether Tabs 0G (Kinapharma)','Lumether','./img/DEFAULT.png','Tablet','Kinapharma','Bottle','ml',0,'g',0,6,2,'2020-12-20 08:10:28','2020-12-20 08:10:28'),('Lydia Postpill Tabs 0G (Others)','Lydia Postpill','./img/DEFAULT.png','Tablet','Others','Bottle','ml',0,'g',0,6,2,'2020-12-23 18:45:33','2020-12-23 18:45:33'),('Lynux Ointments 0G (Ernest Chemist)','Lynux','./img/DEFAULT.png','Ointment','Ernest Chemist','Bottle','ml',0,'g',0,1,2,'2020-12-20 17:09:01','2020-12-20 17:09:01'),('M&B Tabs 0G (Others)','M&B','./img/DEFAULT.png','Tablet','Others','Bottle','ml',0,'g',0,10,2,'2020-12-28 19:13:34','2020-12-28 19:13:34'),('M2 Tone Tabs 0G (Others)','M2 Tone','./img/DEFAULT.png','Tablet','Others','Bottle','ml',0,'g',0,1,2,'2020-12-25 10:46:30','2020-12-25 10:46:30'),('Maalox Sachet 0G (Unichem)','Maalox','./img/DEFAULT.png','Sachet','Unichem Industries','Bottle','ml',0,'g',0,2,2,'2020-12-25 20:12:19','2020-12-25 20:12:19'),('Maalox Suspensions 0Mg (Unicom)','Maalox','./img/DEFAULT.png','Suspension','Unicom','Bottle','ml',0,'mg',0,5,2,'2020-12-20 10:04:25','2020-12-20 10:04:25'),('Maame Dagomba Creams 0G (Others)','Maame Dagomba','./img/DEFAULT.png','Cream','Others','Bottle','ml',0,'g',0,2,2,'2020-12-20 17:10:03','2020-12-20 17:10:03'),('Magacid Suspensions 0Mg (Kinapharma)','Magacid','./img/DEFAULT.png','Suspension','Kinapharma','Bottle','ml',0,'mg',0,2,2,'2020-12-20 10:00:06','2020-12-20 10:00:06'),('Magacid Tabs 0Mg (Kinapharma)','Magacid','./img/DEFAULT.png','Tablet','Kinapharma','Bottle','ml',0,'mg',0,10,2,'2020-12-20 09:59:34','2020-12-20 09:59:34'),('Major Nasal Drop 0G (Others)','Major Nasal','./img/DEFAULT.png','Drops','Others','Bottle','ml',0,'g',0,2,2,'2020-12-20 19:24:19','2020-12-20 19:24:19'),('Malafan Tabs 0Mg (Kinapharma)','Malafan','./img/DEFAULT.png','Tablet','Kinapharma','Bottle','ml',0,'mg',0,10,2,'2020-12-20 08:09:28','2020-12-20 08:09:28'),('Malakare Mixture 0G (Others)','Malakare','./img/DEFAULT.png','Mixture','Others','Bottle','ml',0,'g',0,2,2,'2020-12-26 10:22:13','2020-12-26 10:22:13'),('Malar 2 Ds Tabs 0Mg (Ernest Chemist)','Malar 2 Ds','./img/DEFAULT.png','Tablet','Ernest Chemist','Bottle','ml',0,'mg',0,3,2,'2020-12-20 08:06:38','2020-12-20 08:06:38'),('Malar 2 Forte Tabs 0G (Ernest Chemist)','Malar 2 Forte','./img/DEFAULT.png','Tablet','Ernest Chemist','Bottle','ml',0,'g',0,3,2,'2020-12-20 08:06:15','2020-12-20 08:06:15'),('Malar 2 Suspensions 0Mg (Ernest Chemist)','Malar 2','./img/DEFAULT.png','Suspension','Ernest Chemist','Bottle','ml',0,'mg',0,3,2,'2020-12-20 08:07:04','2020-12-20 08:07:04'),('Malaria Test Others 0G (Others)','Malaria Test','./img/DEFAULT.png','Others','Others','Bottle','ml',0,'g',0,5,2,'2020-12-21 18:32:23','2020-12-21 18:32:23'),('Malin Adult Syrup 0G (Gb Pharma)','Malin Adult','./img/DEFAULT.png','Syrup','Gb Pharma Limited','Bottle','ml',0,'g',0,3,2,'2020-11-24 13:51:56','2020-11-24 13:51:56'),('Malin Baby Syrup 0G (Baseline)','Malin Baby','./img/DEFAULT.png','Syrup','Baseline','Bottle','ml',0,'g',0,3,2,'2020-11-24 13:54:43','2020-11-24 13:54:43'),('Malin Jun Syrup 0G (Unicom)','Malin Jun','./img/DEFAULT.png','Syrup','Unicom','Bottle','ml',0,'g',0,3,2,'2020-11-24 13:53:05','2020-11-24 13:53:05'),('Mark 2 Inhaler 0G (Others)','Mark 2','./img/DEFAULT.png','Inhaler','Others','Bottle','ml',0,'g',0,3,2,'2020-12-25 14:35:36','2020-12-25 14:35:36'),('Masada Mixture 0G (Others)','Masada','./img/DEFAULT.png','Mixture','Others','Bottle','ml',0,'g',0,2,2,'2020-12-25 13:45:01','2020-12-25 13:45:01'),('Maxitrol Eye Drop 0G (Others)','Maxitrol Eye','./img/DEFAULT.png','Drops','Others','Bottle','ml',0,'g',0,1,2,'2020-12-20 07:07:22','2020-12-20 07:07:22'),('Mayfer Syrup 0G (Kinapharma)','Mayfer','./img/DEFAULT.png','Syrup','Kinapharma','Bottle','ml',0,'g',0,2,2,'2021-01-01 20:04:10','2021-01-01 20:04:10'),('Mebenda 500Mg Tabs 0G (Osons)','Mebenda 500Mg','./img/DEFAULT.png','Tablet','Osons','Bottle','ml',0,'g',0,5,2,'2020-12-24 20:24:33','2020-12-24 20:24:33'),('Medisoft Repellant Creams 1G (Arytons)','Medisoft Repellant','./img/DEFAULT.png','Cream','Arytons','Bottle','ml',0,'g',1,3,2,'2020-12-19 14:04:17','2020-12-19 14:04:17'),('Menstak Tabs 0G (Others)','Menstak','./img/DEFAULT.png','Tablet','Others','Bottle','ml',0,'g',0,2,2,'2020-12-23 18:15:04','2020-12-23 18:15:04'),('Mentat Syrup Syrup 0Ml (Unicom)','Mentat Syrup','./img/DEFAULT.png','Syrup','Unicom','Bottle','ml',0,'ml',0,1,2,'2020-11-24 11:17:11','2020-11-24 11:17:11'),('Mentat Tabs Tabs 0Mg (Unicom)','Mentat Tabs','./img/DEFAULT.png','Tablet','Unicom','Bottle','ml',0,'mg',0,1,2,'2020-11-24 11:16:42','2020-11-24 11:16:42'),('Menthodex Big Syrup 0Ml (Unicom)','Menthodex Big','./img/DEFAULT.png','Syrup','Unicom','Bottle','ml',0,'ml',0,2,2,'2020-11-24 11:22:25','2020-11-24 11:22:25'),('Menthodex Small Syrup 0Ml (Unicom)','Menthodex Small','./img/DEFAULT.png','Syrup','Unicom','Bottle','ml',0,'ml',0,2,2,'2020-11-24 11:22:53','2020-11-24 11:22:53'),('Menthox Child Syrup 1Ml (M&G)','Menthox Child','./img/DEFAULT.png','Syrup','M&G','Bottle','ml',0,'ml',1,3,2,'2020-12-19 09:14:54','2020-12-19 09:14:54'),('Menthox Cough Adult Syrup 0G (Letap)','Menthox Cough Adult','./img/DEFAULT.png','Syrup','Letap','Bottle','ml',0,'g',0,3,2,'2020-11-24 13:45:13','2020-11-24 13:45:13'),('Menthox Lozenges 0G (Kinapharma)','Menthox','./img/DEFAULT.png','Lozenges','Kinapharma','Bottle','ml',0,'g',0,6,2,'2020-12-29 15:11:17','2020-12-29 15:11:17'),('Mercy Cream Creams 0Others (Letap)','Mercy Cream','./img/DEFAULT.png','Cream','Letap','Bottle','ml',0,'others',0,3,2,'2020-12-03 21:14:42','2020-12-03 21:14:42'),('Mercy Soap 0G (Others)','Mercy','./img/DEFAULT.png','Soap','Others','Bottle','ml',0,'g',0,2,2,'2020-12-25 19:43:50','2020-12-25 19:43:50'),('Merivita Capsule 0G (Osons)','Merivita','./img/DEFAULT.png','Capsule','Osons','Bottle','ml',0,'g',0,2,2,'2020-12-30 19:48:30','2020-12-30 19:48:30'),('Metformin Denk Tabs 0Mg (Denk)','Metformin Denk','./img/DEFAULT.png','Tablet','Denk','Bottle','ml',0,'mg',0,5,2,'2020-12-20 07:29:33','2020-12-20 07:29:33'),('Metformin Ecl Tabs 0Mg (Ernest Chemist)','Metformin Ecl','./img/DEFAULT.png','Tablet','Ernest Chemist','Bottle','ml',0,'mg',0,20,2,'2020-12-20 07:28:51','2020-12-20 07:28:51'),('Methol Cyrstal Powder 0Mg (Unicom)','Methol Cyrstal','./img/DEFAULT.png','Powder','Unicom','Bottle','ml',0,'mg',0,1,2,'2020-12-20 15:58:18','2020-12-20 15:58:18'),('Methyldopa( Aldomet) Tabs 0G (Others)','Methyldopa( Aldomet)','./img/DEFAULT.png','Tablet','Others','Bottle','ml',0,'g',0,5,2,'2020-12-20 07:31:53','2020-12-20 07:31:53'),('Metoclopramide 10Mg Tabs 0G (Others)','Metoclopramide 10Mg','./img/DEFAULT.png','Tablet','Others','Bottle','ml',0,'g',0,2,2,'2020-12-20 16:37:54','2020-12-20 16:37:54'),('Metro Gr F Suspensions 0G (Gr)','Metro Gr F','./img/DEFAULT.png','Suspension','GR Pharma','Bottle','ml',0,'g',0,2,2,'2020-12-25 12:04:53','2020-12-25 12:04:53'),('Metrolex F Susp Suspensions 1L (Unichem)','Metrolex F Susp','./img/DEFAULT.png','Suspension','Unichem Industries','Bottle','ml',0,'l',1,4,2,'2020-12-20 05:01:27','2020-12-20 05:01:27'),('Metrolex F Tabs 1Mg (Unichem)','Metrolex F','./img/DEFAULT.png','Tablet','Unichem Industries','Bottle','ml',0,'mg',1,3,2,'2020-12-20 05:00:45','2020-12-20 05:00:45'),('Mighty Power Big Size Syrup 0G (Letap)','Mighty Power Big Size','./img/DEFAULT.png','Syrup','Letap','Bottle','ml',0,'g',0,2,2,'2020-12-01 18:36:38','2020-12-01 18:36:38'),('Mighty Power Small Syrup 0G (Letap)','Mighty Power Small','./img/DEFAULT.png','Syrup','Letap','Bottle','ml',0,'g',0,2,2,'2020-12-01 18:37:03','2020-12-01 18:37:03'),('Milk Of Magnesia Big Syrup 0Others (Osons)','Milk Of Magnesia Big','./img/DEFAULT.png','Syrup','Osons','Bottle','ml',0,'others',0,2,2,'2020-12-19 15:46:24','2020-12-19 15:46:24'),('Milk Of Magnesia Philips Syrup 0Others (Unichem)','Milk Of Magnesia Philips','./img/DEFAULT.png','Syrup','Unichem Industries','Bottle','ml',0,'others',0,2,2,'2020-12-19 15:47:33','2020-12-19 15:47:33'),('Milk Of Magnesia Small Syrup 0Others (Ascot)','Milk Of Magnesia Small','./img/DEFAULT.png','Syrup','Ascot','Bottle','ml',0,'others',0,2,2,'2020-12-19 15:43:18','2020-12-19 15:43:18'),('Milton Tabs Tabs 0Others (Unichem)','Milton Tabs','./img/DEFAULT.png','Tablet','Unichem Industries','Bottle','ml',0,'others',0,1,2,'2020-12-19 18:13:08','2020-12-19 18:13:08'),('Mimorange Syrup 0G (Gb Pharma)','Mimorange','./img/DEFAULT.png','Syrup','Gb Pharma Limited','Bottle','ml',0,'g',0,2,2,'2020-12-01 17:20:07','2020-12-01 17:20:07'),('Minadex Syrup Syrup 0Others (Unichem)','Minadex Syrup','./img/DEFAULT.png','Syrup','Unichem Industries','Bottle','ml',0,'others',0,1,2,'2020-12-19 16:21:15','2020-12-19 16:21:15'),('Mist Expet Sed Mixture 0G (Others)','Mist Expet Sed','./img/DEFAULT.png','Mixture','Others','Bottle','ml',0,'g',0,6,2,'2020-12-22 18:58:59','2020-12-22 18:58:59'),('Mist Kaolin Mixture 0G (Others)','Mist Kaolin','./img/DEFAULT.png','Mixture','Others','Bottle','ml',0,'g',0,3,2,'2020-12-22 18:59:36','2020-12-22 18:59:36'),('Mist Kaolin Syrup 0G (Pokupharma)','Mist Kaolin','./img/DEFAULT.png','Syrup','Pokupharma','Bottle','ml',0,'g',0,3,2,'2020-12-01 17:42:23','2020-12-01 17:42:23'),('Mist Pot Cit Mixture 0G (Others)','Mist Pot Cit','./img/DEFAULT.png','Mixture','Others','Bottle','ml',0,'g',0,4,2,'2020-12-22 19:00:02','2020-12-22 19:00:02'),('Mist Sennaco Mixture 0G (Others)','Mist Sennaco','./img/DEFAULT.png','Mixture','Others','Bottle','ml',0,'g',0,6,2,'2020-12-22 18:58:40','2020-12-22 18:58:40'),('Mist Trisilicate Mixture 0G (Others)','Mist Trisilicate','./img/DEFAULT.png','Mixture','Others','Bottle','ml',0,'g',0,6,2,'2020-12-22 18:58:17','2020-12-22 18:58:17'),('Mosegor Syrup 0G (Unichem)','Mosegor','./img/DEFAULT.png','Syrup','Unichem Industries','Bottle','ml',0,'g',0,1,2,'2021-01-11 22:25:57','2021-01-11 22:25:57'),('Mosegor Tabs 0Mg (Unicom)','Mosegor','./img/DEFAULT.png','Tablet','Unicom','Bottle','ml',0,'mg',0,1,2,'2020-12-20 14:54:46','2020-12-20 14:54:46'),('Motilium Tabs 0G (Others)','Motilium','./img/DEFAULT.png','Tablet','Others','Bottle','ml',0,'g',0,1,2,'2020-12-20 16:38:19','2020-12-20 16:38:19'),('Mr Q Others 0G (Others)','Mr Q','./img/DEFAULT.png','Others','Others','Bottle','ml',0,'g',0,20,2,'2020-12-23 18:21:55','2020-12-23 18:21:55'),('Mucolex Adult Syrup 0G (Baseline)','Mucolex Adult','./img/DEFAULT.png','Syrup','Baseline','Bottle','ml',0,'g',0,2,2,'2020-11-24 11:58:17','2020-11-24 11:58:17'),('Mucolex Child Syrup 0G (Baseline)','Mucolex Child','./img/DEFAULT.png','Syrup','Baseline','Bottle','ml',0,'g',0,2,2,'2020-11-24 11:58:45','2020-11-24 11:58:45'),('Multimino Syrup Syrup 0Ml (Baseline)','Multimino Syrup','./img/DEFAULT.png','Syrup','Baseline','Bottle','ml',0,'ml',0,2,2,'2020-11-24 11:40:09','2020-11-24 11:40:09'),('Multinova Syrup 0Others (M&G)','Multinova','./img/DEFAULT.png','Syrup','M&G','Bottle','ml',0,'others',0,2,2,'2020-12-19 18:13:37','2020-12-19 18:13:37'),('Multivit Tabs 0G (Ernest Chemist)','Multivit','./img/DEFAULT.png','Tablet','Ernest Chemist','Bottle','ml',0,'g',0,10,2,'2020-12-26 16:59:38','2020-12-26 16:59:38'),('Mycocort Creams 0G (Others)','Mycocort','./img/DEFAULT.png','Cream','Others','Bottle','ml',0,'g',0,2,2,'2020-12-23 20:59:55','2020-12-23 20:59:55'),('Mycolex 3 Creams 0G (Unichem)','Mycolex 3','./img/DEFAULT.png','Cream','Unichem Industries','Bottle','ml',0,'g',0,2,2,'2020-12-23 20:59:34','2020-12-23 20:59:34'),('Mycolex Creams 0G (Unichem)','Mycolex','./img/DEFAULT.png','Cream','Unichem Industries','Bottle','ml',0,'g',0,2,2,'2020-12-23 20:59:14','2020-12-23 20:59:14'),('Mycolex Powder 0G (21St Century)','Mycolex','./img/DEFAULT.png','Powder','21st Century','Bottle','ml',0,'g',0,1,2,'2020-12-20 17:28:44','2020-12-20 17:28:44'),('Mycovin 125Mg Tabs 1Mg (Ernest Chemist)','Mycovin 125Mg','./img/DEFAULT.png','Tablet','Ernest Chemist','Bottle','ml',0,'mg',1,10,2,'2020-12-20 05:15:20','2020-12-20 05:15:20'),('Mycovin 500Mg Tabs 1Mg (Ernest Chemist)','Mycovin 500Mg','./img/DEFAULT.png','Tablet','Ernest Chemist','Bottle','ml',0,'mg',1,5,2,'2020-12-20 05:15:49','2020-12-20 05:15:49'),('Naklofen Duo 75Mg Capsule 0Mg (Ernest Chemist)','Naklofen Duo 75Mg','./img/DEFAULT.png','Capsule','Ernest Chemist','Bottle','ml',0,'mg',0,2,2,'2020-12-20 09:20:22','2020-12-20 09:20:22'),('Nana Adjie Tabs 0G (Others)','Nana Adjie','./img/DEFAULT.png','Tablet','Others','Bottle','ml',0,'g',0,5,2,'2020-12-23 18:39:18','2020-12-23 18:39:18'),('Naprosen Ec Original Tabs 0Mg (Ernest Chemist)','Naprosen Ec Original','./img/DEFAULT.png','Tablet','Ernest Chemist','Bottle','ml',0,'mg',0,10,2,'2020-12-20 09:21:42','2020-12-20 09:21:42'),('Naproxen Ec Ecl Tabs 0Mg (Ernest Chemist)','Naproxen Ec Ecl','./img/DEFAULT.png','Tablet','Ernest Chemist','Bottle','ml',0,'mg',0,10,2,'2020-12-20 09:22:44','2020-12-20 09:22:44'),('Naproxen Ecl Tabs 0Mg (Ernest Chemist)','Naproxen Ecl','./img/DEFAULT.png','Tablet','Ernest Chemist','Bottle','ml',0,'mg',0,4,2,'2020-12-20 09:22:17','2020-12-20 09:22:17'),('Nat B Capsule 0G (Unichem)','Nat B','./img/DEFAULT.png','Capsule','Unichem Industries','Bottle','ml',0,'g',0,1,2,'2021-01-09 21:59:51','2021-01-09 21:59:51'),('Natural Tears Drop 0G (Others)','Natural Tears','./img/DEFAULT.png','Drops','Others','Bottle','ml',0,'g',0,1,2,'2020-12-20 07:08:07','2020-12-20 07:08:07'),('Ncp Oil 0G (Others)','Ncp','./img/DEFAULT.png','Oil','Others','Bottle','ml',0,'g',0,1,2,'2020-12-20 17:23:58','2020-12-20 17:23:58'),('Neo Cort Drop 0G (Others)','Neo Cort','./img/DEFAULT.png','Drops','Others','Bottle','ml',0,'g',0,1,2,'2020-12-25 14:20:18','2020-12-25 14:20:18'),('Neo-Hycolex Drop 0G (Unichem)','Neo-Hycolex','./img/DEFAULT.png','Drops','Unichem Industries','Bottle','ml',0,'g',0,2,2,'2020-12-20 19:34:35','2020-12-20 19:34:35'),('Neoferon Syrup 0G (Ernest Chemist)','Neoferon','./img/DEFAULT.png','Syrup','Ernest Chemist','Bottle','ml',0,'g',0,2,2,'2020-12-30 22:43:49','2020-12-30 22:43:49'),('Nerve And Bone Oil 0G (Others)','Nerve And Bone','./img/DEFAULT.png','Oil','Others','Bottle','ml',0,'g',0,1,2,'2020-12-20 17:28:19','2020-12-20 17:28:19'),('Nesterix Syrup Syrup 0G (Baseline)','Nesterix Syrup','./img/DEFAULT.png','Syrup','Baseline','Bottle','ml',0,'g',0,2,2,'2020-11-24 13:43:41','2020-11-24 13:43:41'),('New Life Creams 0G (Others)','New Life','./img/DEFAULT.png','Cream','Others','Bottle','ml',0,'g',0,1,2,'2020-12-20 17:09:36','2020-12-20 17:09:36'),('Nexcofer Capsule Capsule 0G (Unicom)','Nexcofer Capsule','./img/DEFAULT.png','Capsule','Unicom','Bottle','ml',0,'g',0,3,2,'2020-11-24 13:37:24','2020-11-24 13:37:24'),('Nexcofer Syrup Syrup 0G (Baseline)','Nexcofer Syrup','./img/DEFAULT.png','Syrup','Baseline','Bottle','ml',0,'g',0,3,2,'2020-11-24 13:37:45','2020-11-24 13:37:45'),('Nexium 40Mg Tabs 0G (Osons)','Nexium 40Mg','./img/DEFAULT.png','Tablet','Osons','Bottle','ml',0,'g',0,3,2,'2020-12-27 21:10:37','2020-12-27 21:10:37'),('Nifecard Xl 30Mg Tabs 0Mg (Others)','Nifecard Xl 30Mg','./img/DEFAULT.png','Tablet','Others','Bottle','ml',0,'mg',0,2,2,'2020-12-20 07:41:57','2020-12-20 07:41:57'),('Nifedenk 10Mg Tabs 0Mg (Denk)','Nifedenk 10Mg','./img/DEFAULT.png','Tablet','Denk','Bottle','ml',0,'mg',0,5,2,'2020-12-20 07:41:01','2020-12-20 07:41:01'),('Nifedenk 20Mg Tabs 0G (Denk)','Nifedenk 20Mg','./img/DEFAULT.png','Tablet','Denk','Bottle','ml',0,'g',0,5,2,'2020-12-20 07:41:24','2020-12-20 07:41:24'),('Nifedipine(Carditas) 20Mg Tabs 0G (Unicom)','Nifedipine(Carditas) 20Mg','./img/DEFAULT.png','Tablet','Unicom','Bottle','ml',0,'g',0,10,2,'2020-12-26 20:12:06','2020-12-26 20:12:06'),('Night Nurse Syrup Syrup 0G (Baseline)','Night Nurse Syrup','./img/DEFAULT.png','Syrup','Baseline','Bottle','ml',0,'g',0,1,2,'2020-11-24 12:18:09','2020-11-24 12:18:09'),('Nivea Deo Spray 0G (Others)','Nivea Deo','./img/DEFAULT.png','Spray','Others','Bottle','ml',0,'g',0,4,2,'2020-12-26 17:59:08','2020-12-26 17:59:08'),('Nivea Men Roll-On 0G (Others)','Nivea Men','./img/DEFAULT.png','Roll-On','Others','Bottle','ml',0,'g',0,4,2,'2020-12-26 18:21:06','2020-12-26 18:21:06'),('Nivea Roll-On 0G (Others)','Nivea','./img/DEFAULT.png','Roll-On','Others','Bottle','ml',0,'g',0,6,2,'2020-12-26 18:20:37','2020-12-26 18:20:37'),('Nivea Women Roll-On 0G (Others)','Nivea Women','./img/DEFAULT.png','Roll-On','Others','Bottle','ml',0,'g',0,4,2,'2020-12-26 18:21:25','2020-12-26 18:21:25'),('Normal Saline Imported Drop 0G (Uk)','Normal Saline Imported','./img/DEFAULT.png','Drops','Uk','Bottle','ml',0,'g',0,2,2,'2020-12-21 18:30:42','2020-12-21 18:30:42'),('Normal Saline Local Drop 0G (Others)','Normal Saline Local','./img/DEFAULT.png','Drops','Others','Bottle','ml',0,'g',0,2,2,'2020-12-21 18:31:25','2020-12-21 18:31:25'),('Normo Tears Drop 0G (Others)','Normo Tears','./img/DEFAULT.png','Drops','Others','Bottle','ml',0,'g',0,1,2,'2020-12-20 07:08:26','2020-12-20 07:08:26'),('Nospa Tabs 0Mg (Unichem)','Nospa','./img/DEFAULT.png','Tablet','Unichem Industries','Bottle','ml',0,'mg',0,4,2,'2020-12-20 15:18:19','2020-12-20 15:18:19'),('Nostamine Drop 0G (Others)','Nostamine','./img/DEFAULT.png','Drops','Others','Bottle','ml',0,'g',0,1,2,'2020-12-20 07:09:34','2020-12-20 07:09:34'),('Novacold Tabs 0Mg (Pharmanova)','Novacold','./img/DEFAULT.png','Tablet','Pharmanova','Bottle','ml',0,'mg',0,10,2,'2020-12-20 15:43:42','2020-12-20 15:43:42'),('Nugel O Suspensions 0Mg (M&G)','Nugel O','./img/DEFAULT.png','Suspension','M&G','Bottle','ml',0,'mg',0,3,2,'2020-12-20 10:00:58','2020-12-20 10:00:58'),('Nugel Suspensions 0Mg (M&G)','Nugel','./img/DEFAULT.png','Suspension','M&G','Bottle','ml',0,'mg',0,3,2,'2020-12-20 10:00:35','2020-12-20 10:00:35'),('Nurofen Syrup 0G (Others)','Nurofen','./img/DEFAULT.png','Syrup','Others','Bottle','ml',0,'g',0,1,2,'2020-12-26 14:36:03','2020-12-26 14:36:03'),('Nutracid Suspensions 0Mg (Others)','Nutracid','./img/DEFAULT.png','Suspension','Others','Bottle','ml',0,'mg',0,2,2,'2020-12-20 10:02:23','2020-12-20 10:02:23'),('O.R.S Powder 0G (Dannex)','O.R.S','./img/DEFAULT.png','Powder','Dannex','Bottle','ml',0,'g',0,10,2,'2020-12-26 18:17:00','2020-12-26 18:17:00'),('Olanzapine 10Mg Tabs 0G (Others)','Olanzapine 10Mg','./img/DEFAULT.png','Tablet','Others','Bottle','ml',0,'g',0,2,2,'2021-01-14 19:40:43','2021-01-14 19:40:43'),('Olanzapine 5Mg Tabs 0G (Others)','Olanzapine 5Mg','./img/DEFAULT.png','Tablet','Others','Bottle','ml',0,'g',0,2,2,'2021-01-14 19:41:02','2021-01-14 19:41:02'),('Olfen Big Gel 0G (Others)','Olfen Big','./img/DEFAULT.png','Gel','Others','Bottle','ml',0,'g',0,2,2,'2020-12-28 12:45:59','2020-12-28 12:45:59'),('Olfen Small Gel 0Mg (Unicom)','Olfen Small','./img/DEFAULT.png','Gel','Unicom','Bottle','ml',0,'mg',0,2,2,'2020-12-20 09:30:18','2020-12-20 09:30:18'),('Omega Oil 0G (Others)','Omega','./img/DEFAULT.png','Oil','Others','Bottle','ml',0,'g',0,1,2,'2020-12-20 16:35:58','2020-12-20 16:35:58'),('Omega-3 Caps Syrup 0Others (Osons)','Omega-3 Caps','./img/DEFAULT.png','Syrup','Osons','Bottle','ml',0,'others',0,1,2,'2020-12-19 16:09:06','2020-12-19 16:09:06'),('Omeprazole Capsule 0G (Ernest Chemist)','Omeprazole','./img/DEFAULT.png','Capsule','Ernest Chemist','Bottle','ml',0,'g',0,10,2,'2020-12-29 18:17:12','2020-12-29 18:17:12'),('Optrex Blood Spot Drop 0G (Unicom)','Optrex Blood Spot','./img/DEFAULT.png','Drops','Unicom','Bottle','ml',0,'g',0,1,2,'2020-12-21 18:25:58','2020-12-21 18:25:58'),('Oral-B Long Paste 0G (Others)','Oral-B Long','./img/DEFAULT.png','Paste','Others','Bottle','ml',0,'g',0,2,2,'2020-12-26 20:57:11','2020-12-26 20:57:11'),('Oral-B Short Paste 0G (Others)','Oral-B Short','./img/DEFAULT.png','Paste','Others','Bottle','ml',0,'g',0,2,2,'2020-12-26 20:57:33','2020-12-26 20:57:33'),('Osons Garlic Capsule 0G (Unicom)','Osons Garlic','./img/DEFAULT.png','Capsule','Unicom','Bottle','ml',0,'g',0,2,2,'2020-11-24 13:17:13','2020-11-24 13:17:13'),('Osteocare India Tabs 0G (Others)','Osteocare India','./img/DEFAULT.png','Tablet','Others','Bottle','ml',0,'g',0,2,2,'2020-12-24 23:04:00','2020-12-24 23:04:00'),('Osteocare Syrup Syrup 0Others (Gb Pharma)','Osteocare Syrup','./img/DEFAULT.png','Syrup','Gb Pharma Limited','Bottle','ml',0,'others',0,2,2,'2020-12-19 15:33:06','2020-12-19 15:33:06'),('Otrivin Adult Drop 0G (Ernest Chemist)','Otrivin Adult','./img/DEFAULT.png','Drops','Ernest Chemist','Bottle','ml',0,'g',0,1,2,'2020-12-20 19:24:46','2020-12-20 19:24:46'),('Otrivin Child Drop 0G (Ernest Chemist)','Otrivin Child','./img/DEFAULT.png','Drops','Ernest Chemist','Bottle','ml',0,'g',0,1,2,'2020-12-20 19:25:05','2020-12-20 19:25:05'),('OYes Oil 0G (Others)','OYes','./img/DEFAULT.png','Oil','Others','Bottle','ml',0,'g',0,1,2,'2020-12-20 17:24:24','2020-12-20 17:24:24'),('Pacot Tabs 0G (Others)','Pacot','./img/DEFAULT.png','Tablet','Others','Bottle','ml',0,'g',0,4,2,'2020-12-24 19:40:16','2020-12-24 19:40:16'),('Paingay Capsule 0G (Others)','Paingay','./img/DEFAULT.png','Capsule','Others','Bottle','ml',0,'g',0,3,2,'2020-12-24 19:30:13','2020-12-24 19:30:13'),('Paingay Ointments 0G (Others)','Paingay','./img/DEFAULT.png','Ointment','Others','Bottle','ml',0,'g',0,2,2,'2020-12-25 21:40:33','2020-12-25 21:40:33'),('Pakum Capsule 0G (Others)','Pakum','./img/DEFAULT.png','Capsule','Others','Bottle','ml',0,'g',0,1,2,'2020-12-20 19:05:16','2020-12-20 19:05:16'),('Pamafort Syrup 0L (Baseline)','Pamafort','./img/DEFAULT.png','Syrup','Baseline','Bottle','ml',0,'l',0,2,2,'2021-01-09 20:10:10','2021-01-09 20:10:10'),('Panadol Extra Tabs 0G (Uk)','Panadol Extra','./img/DEFAULT.png','Tablet','Uk','Bottle','ml',0,'g',0,5,2,'2021-01-07 17:45:38','2021-01-07 17:45:38'),('Panadol Tabs 0G (Unichem)','Panadol','./img/DEFAULT.png','Tablet','Unichem Industries','Bottle','ml',0,'g',0,5,2,'2021-01-07 17:45:17','2021-01-07 17:45:17'),('Para Denk 125Mg Supplement 0G (Denk)','Para Denk 125Mg','./img/DEFAULT.png','Supplement','Denk','Bottle','ml',0,'g',0,3,2,'2020-12-21 19:51:47','2020-12-21 19:51:47'),('Para Denk 250Mg Supplement 0G (Denk)','Para Denk 250Mg','./img/DEFAULT.png','Supplement','Denk','Bottle','ml',0,'g',0,2,2,'2020-12-21 19:52:07','2020-12-21 19:52:07'),('Para Exeter Syrup 0G (Exeter)','Para Exeter','./img/DEFAULT.png','Syrup','Exeter','Bottle','ml',0,'g',0,4,2,'2021-01-09 18:53:45','2021-01-09 18:53:45'),('Para Syrup 0G (Pharmanova)','Para','./img/DEFAULT.png','Syrup','Pharmanova','Bottle','ml',0,'g',0,3,2,'2020-12-25 15:35:30','2020-12-25 15:35:30'),('Para Syrup Exeter Syrup 0G (Gb Pharma)','Para Syrup Exeter','./img/DEFAULT.png','Syrup','Gb Pharma Limited','Bottle','ml',0,'g',0,3,2,'2020-11-24 14:03:29','2020-11-24 14:03:29'),('Para Syrup Letap Syrup 0G (Letap)','Para Syrup Letap','./img/DEFAULT.png','Syrup','Letap','Bottle','ml',0,'g',0,6,2,'2020-12-01 16:59:28','2020-12-01 16:59:28'),('Para Tabs 0Mg (Arytons)','Para','./img/DEFAULT.png','Tablet','Arytons','Bottle','ml',0,'mg',0,20,2,'2020-12-20 09:25:39','2020-12-20 09:25:39'),('Para Uk Tabs 0Mg (Others)','Para Uk','./img/DEFAULT.png','Tablet','Others','Bottle','ml',0,'mg',0,10,2,'2020-12-20 09:26:02','2020-12-20 09:26:02'),('Paractin Tabs 0G (Others)','Paractin','./img/DEFAULT.png','Tablet','Others','Bottle','ml',0,'g',0,5,2,'2020-12-26 19:16:22','2020-12-26 19:16:22'),('Paramol 125Mg Supplemet 0G (Unicom)','Paramol 125Mg','./img/DEFAULT.png','Supplement','Unicom','Bottle','ml',0,'g',0,3,2,'2020-12-21 19:53:54','2020-12-21 19:53:54'),('Paramol 250Mg Supplement 0G (Unicom)','Paramol 250Mg','./img/DEFAULT.png','Supplement','Unicom','Bottle','ml',0,'g',0,3,2,'2020-12-21 19:54:54','2020-12-21 19:54:54'),('Paratop Tabs 0G (Others)','Paratop','./img/DEFAULT.png','Tablet','Others','Bottle','ml',0,'g',0,5,2,'2020-12-24 19:36:16','2020-12-24 19:36:16'),('Peladol Tabs 0G (Others)','Peladol','./img/DEFAULT.png','Tablet','Others','Bottle','ml',0,'g',0,5,2,'2020-12-24 20:25:41','2020-12-24 20:25:41'),('Penicillin Ointments 0G (Others)','Penicillin','./img/DEFAULT.png','Ointment','Others','Bottle','ml',0,'g',0,3,2,'2020-12-23 20:07:03','2020-12-23 20:07:03'),('Penicillin Tabs 0G (Letap)','Penicillin','./img/DEFAULT.png','Tablet','Letap','Bottle','ml',0,'g',0,10,2,'2020-12-26 22:36:33','2020-12-26 22:36:33'),('Phenegan Syrup(Danegan) Syrup 0G (Unichem)','Phenegan Syrup(Danegan)','./img/DEFAULT.png','Syrup','Unichem Industries','Bottle','ml',0,'g',0,4,2,'2020-11-24 12:44:12','2020-11-24 12:44:12'),('Phenegan Syrup(Ecl) Syrup 0G (Baseline)','Phenegan Syrup(Ecl)','./img/DEFAULT.png','Syrup','Baseline','Bottle','ml',0,'g',0,2,2,'2020-11-24 12:46:30','2020-11-24 12:46:30'),('Phopain Syrup Syrup 0G (Gb Pharma)','Phopain Syrup','./img/DEFAULT.png','Syrup','Gb Pharma Limited','Bottle','ml',0,'g',0,2,2,'2020-11-24 14:04:07','2020-11-24 14:04:07'),('Pikovit Syrup Syrup 0Others (Unichem)','Pikovit Syrup','./img/DEFAULT.png','Syrup','Unichem Industries','Bottle','ml',0,'others',0,1,2,'2020-12-19 16:09:52','2020-12-19 16:09:52'),('Pilex Creams 0Others (Unichem)','Pilex','./img/DEFAULT.png','Cream','Unichem Industries','Bottle','ml',0,'others',0,2,2,'2020-12-19 17:30:20','2020-12-19 17:30:20'),('Pilex Tabs Tabs 0Others (Unichem)','Pilex Tabs','./img/DEFAULT.png','Tablet','Unichem Industries','Bottle','ml',0,'others',0,2,2,'2020-12-19 17:29:56','2020-12-19 17:29:56'),('Pilif Creams 0G (Others)','Pilif','./img/DEFAULT.png','Cream','Others','Bottle','ml',0,'g',0,1,2,'2020-12-28 13:12:07','2020-12-28 13:12:07'),('Pinek 30Mg Tabs 0G (Others)','Pinek 30Mg','./img/DEFAULT.png','Tablet','Others','Bottle','ml',0,'g',0,2,2,'2021-01-10 19:12:32','2021-01-10 19:12:32'),('Pinpac Gel Ointments 0Others (Baseline)','Pinpac Gel','./img/DEFAULT.png','Ointment','Baseline','Bottle','ml',0,'others',0,3,2,'2020-12-19 08:52:53','2020-12-19 08:52:53'),('Pinpac Tabs 0Others (Baseline)','Pinpac','./img/DEFAULT.png','Tablet','Baseline','Bottle','ml',0,'others',0,10,2,'2020-11-24 09:30:36','2020-11-24 09:30:36'),('Piriton Syrup Syrup 0G (M&G)','Piriton Syrup','./img/DEFAULT.png','Syrup','M&G','Bottle','ml',0,'g',0,2,2,'2020-12-01 16:46:52','2020-12-01 16:46:52'),('Piriton Tabs 0G (Letap)','Piriton','./img/DEFAULT.png','Tablet','Letap','Bottle','ml',0,'g',0,10,2,'2020-12-20 16:03:26','2020-12-20 16:03:26'),('Piroxicam(Letacam) Capsule 0Mg (Letap)','Piroxicam(Letacam)','./img/DEFAULT.png','Capsule','Letap','Bottle','ml',0,'mg',0,3,2,'2020-12-24 19:38:02','2020-12-24 19:38:02'),('Piroxicam(Ronaxicam) Capsule 0G (Others)','Piroxicam(Ronaxicam)','./img/DEFAULT.png','Capsule','Others','Bottle','ml',0,'g',0,4,2,'2020-12-24 19:39:55','2020-12-24 19:39:55'),('Plaster Stripes 0G (Others)','Plaster','./img/DEFAULT.png','Strips','Others','Bottle','ml',0,'g',0,10,2,'2020-12-30 22:25:30','2020-12-30 22:25:30'),('Pocupain Syrup Syrup 0G (Kinapharma)','Pocupain Syrup','./img/DEFAULT.png','Syrup','Kinapharma','Bottle','ml',0,'g',0,3,2,'2020-11-24 14:04:38','2020-11-24 14:04:38'),('Pokupain Syrup 0G (Pokupharma)','Pokupain','./img/DEFAULT.png','Syrup','Pokupharma','Bottle','ml',0,'g',0,2,2,'2020-12-27 18:25:24','2020-12-27 18:25:24'),('Poly Fz Syrup 0G (Others)','Poly Fz','./img/DEFAULT.png','Syrup','Others','Bottle','ml',0,'g',0,2,2,'2021-01-09 18:54:42','2021-01-09 18:54:42'),('Polyfer Capsule Capsule 0G (M&G)','Polyfer Capsule','./img/DEFAULT.png','Capsule','M&G','Bottle','ml',0,'g',0,4,2,'2020-12-01 17:25:49','2020-12-01 17:25:49'),('Polyfer Syrup 150Ml Syrup 0G (M&G)','Polyfer Syrup 150Ml','./img/DEFAULT.png','Syrup','M&G','Bottle','ml',0,'g',0,4,2,'2020-12-01 17:24:36','2020-12-01 17:24:36'),('Polyfer Syrup 200Ml Syrup 0G (Letap)','Polyfer Syrup 200Ml','./img/DEFAULT.png','Syrup','Letap','Bottle','ml',0,'g',0,4,2,'2020-12-01 17:25:02','2020-12-01 17:25:02'),('Polyfer Syrup 30Ml Syrup 0Ml (Baseline)','Polyfer Syrup 30Ml','./img/DEFAULT.png','Syrup','Baseline','Bottle','ml',0,'ml',0,5,2,'2020-12-19 08:02:16','2020-12-19 08:02:16'),('Polyfer Syrup Syrup 0Ml (Ascot)','Polyfer Syrup','./img/DEFAULT.png','Syrup','Ascot','Bottle','ml',0,'ml',0,3,2,'2020-12-19 08:01:37','2020-12-19 08:01:37'),('Polygel Big Suspensions 0G (Shalina)','Polygel Big','./img/DEFAULT.png','Suspension','Shalina','Bottle','ml',0,'g',0,2,2,'2020-12-20 16:50:56','2020-12-20 16:50:56'),('Polygel Small Suspensions 0G (Shalina)','Polygel Small','./img/DEFAULT.png','Suspension','Shalina','Bottle','ml',0,'g',0,2,2,'2020-12-20 16:50:34','2020-12-20 16:50:34'),('Polygynax Pessaries 0G (Others)','Polygynax','./img/DEFAULT.png','Pessaries','Others','Bottle','ml',0,'g',0,1,2,'2020-12-21 21:10:12','2020-12-21 21:10:12'),('Postinor 2 Tabs 0G (Others)','Postinor 2','./img/DEFAULT.png','Tablet','Others','Bottle','ml',0,'g',0,10,2,'2020-12-23 18:45:50','2020-12-23 18:45:50'),('Power House Roll-On 0G (Others)','Power House','./img/DEFAULT.png','Roll-On','Others','Bottle','ml',0,'g',0,4,2,'2020-12-26 18:22:58','2020-12-26 18:22:58'),('Pre-Meco Capsule 0G (Others)','Pre-Meco','./img/DEFAULT.png','Capsule','Others','Bottle','ml',0,'g',0,1,2,'2020-12-20 09:26:37','2020-12-20 09:26:37'),('Prednisolene Tabs 0G (Ernest Chemist)','Prednisolene','./img/DEFAULT.png','Tablet','Ernest Chemist','Bottle','ml',0,'g',0,10,2,'2020-12-26 17:09:18','2020-12-26 17:09:18'),('Pregabalin(Pregasafe) 75Mg Capsule 0Mg (Unicom)','Pregabalin(Pregasafe) 75Mg','./img/DEFAULT.png','Capsule','Unicom','Bottle','ml',0,'mg',0,3,2,'2020-12-20 15:38:28','2020-12-20 15:38:28'),('Pregnacare 19 Capsule 0G (Unicom)','Pregnacare 19','./img/DEFAULT.png','Capsule','Unicom','Bottle','ml',0,'g',0,1,2,'2020-11-24 13:09:10','2020-11-24 13:09:10'),('Pregnacare Plus Syrup 0Ml (Unicom)','Pregnacare Plus','./img/DEFAULT.png','Syrup','Unicom','Bottle','ml',0,'ml',0,1,2,'2020-11-24 11:26:07','2020-11-24 11:26:07'),('Pregnancy Test Others 0G (Others)','Pregnancy Test','./img/DEFAULT.png','Others','Others','Bottle','ml',0,'g',0,10,2,'2020-12-26 18:31:55','2020-12-26 18:31:55'),('Primolut N Tabs 0G (Others)','Primolut N','./img/DEFAULT.png','Tablet','Others','Bottle','ml',0,'g',0,6,2,'2020-12-21 18:31:50','2020-12-21 18:31:50'),('Pro-Tonic Syrup 0Others (M&G)','Pro-Tonic','./img/DEFAULT.png','Syrup','M&G','Bottle','ml',0,'others',0,2,2,'2020-12-19 18:14:03','2020-12-19 18:14:03'),('Procold Tabs 0Mg (Kojack)','Procold','./img/DEFAULT.png','Tablet','Kojack','Bottle','ml',0,'mg',0,10,2,'2020-12-20 15:43:03','2020-12-20 15:43:03'),('Procomil Tabs 0G (Osons)','Procomil','./img/DEFAULT.png','Tablet','Osons','Bottle','ml',0,'g',0,10,2,'2020-12-23 18:37:45','2020-12-23 18:37:45'),('Procomil Tabs 0G (Unichem)','Procomil','./img/DEFAULT.png','Tablet','Unichem Industries','Bottle','ml',0,'g',0,10,2,'2021-01-04 05:51:38','2021-01-04 05:51:38'),('Prokid Drop 0G (Ernest Chemist)','Prokid','./img/DEFAULT.png','Drops','Ernest Chemist','Bottle','ml',0,'g',0,3,2,'2020-12-24 23:11:16','2020-12-24 23:11:16'),('Proman Capsule Capsule 0G (Baseline)','Proman Capsule','./img/DEFAULT.png','Capsule','Baseline','Bottle','ml',0,'g',0,1,2,'2020-11-24 11:45:49','2020-11-24 11:45:49'),('Prostacure Tea 0G (Others)','Prostacure','./img/DEFAULT.png','Tea','Others','Bottle','ml',0,'g',0,1,2,'2020-12-20 17:25:14','2020-12-20 17:25:14'),('Prostafit Capsule 0G (Others)','Prostafit','./img/DEFAULT.png','Capsule','Others','Bottle','ml',0,'g',0,1,2,'2020-12-20 17:26:52','2020-12-20 17:26:52'),('Prostat 60 Tabs 0G (Others)','Prostat 60','./img/DEFAULT.png','Tablet','Others','Bottle','ml',0,'g',0,1,2,'2020-12-20 17:02:59','2020-12-20 17:02:59'),('Punch And Judy Paste 0G (Unicom)','Punch And Judy','./img/DEFAULT.png','Paste','Unicom','Bottle','ml',0,'g',0,1,2,'2020-12-25 17:39:37','2020-12-25 17:39:37'),('Pure Cod Liver Oil 0G (Others)','Pure Cod Liver','./img/DEFAULT.png','Oil','Others','Bottle','ml',0,'g',0,1,2,'2020-12-25 11:10:47','2020-12-25 11:10:47'),('Ralph Capsule 0G (Letap)','Ralph','./img/DEFAULT.png','Capsule','Letap','Bottle','ml',0,'g',0,2,2,'2020-12-03 21:44:57','2020-12-03 21:44:57'),('Rapinol Tabs 0Others (Unichem)','Rapinol','./img/DEFAULT.png','Tablet','Unichem Industries','Bottle','ml',0,'others',0,25,2,'2020-12-19 18:15:27','2020-12-19 18:15:27'),('Red Sun Sachet 0G (Others)','Red Sun','./img/DEFAULT.png','Sachet','Others','Bottle','ml',0,'g',0,3,2,'2020-12-23 19:21:19','2020-12-23 19:21:19'),('Refresh Tears Drop 0G (Others)','Refresh Tears','./img/DEFAULT.png','Drops','Others','Bottle','ml',0,'g',0,1,2,'2020-12-20 07:09:13','2020-12-20 07:09:13'),('Relcer Gel Suspensions 0Mg (Others)','Relcer Gel','./img/DEFAULT.png','Suspension','Others','Bottle','ml',0,'mg',0,2,2,'2020-12-20 16:51:17','2020-12-20 16:51:17'),('Revodium Capsule 0G (Others)','Revodium','./img/DEFAULT.png','Capsule','Others','Bottle','ml',0,'g',0,10,2,'2020-12-26 17:04:07','2020-12-26 17:04:07'),('Rexona Deo Spray 0G (Others)','Rexona Deo','./img/DEFAULT.png','Spray','Others','Bottle','ml',0,'g',0,4,2,'2020-12-26 17:57:44','2020-12-26 17:57:44'),('Rexona Men Roll-On 0G (Others)','Rexona Men','./img/DEFAULT.png','Roll-On','Others','Bottle','ml',0,'g',0,4,2,'2020-12-26 18:21:46','2020-12-26 18:21:46'),('Rexona Women Roll-On 0G (Others)','Rexona Women','./img/DEFAULT.png','Roll-On','Others','Bottle','ml',0,'g',0,4,2,'2020-12-26 18:22:05','2020-12-26 18:22:05'),('Rhinathiol Cough Adult Syrup 0L (Unicom)','Rhinathiol Cough Adult','./img/DEFAULT.png','Syrup','Unicom','Bottle','ml',0,'l',0,2,2,'2020-11-24 11:12:36','2020-11-24 11:12:36'),('Rhinathiol Cough Child Syrup 0L (Unicom)','Rhinathiol Cough Child','./img/DEFAULT.png','Syrup','Unicom','Bottle','ml',0,'l',0,2,2,'2020-11-24 11:13:24','2020-11-24 11:13:24'),('Rhizen Syrup Syrup 0Mg (Baseline)','Rhizen Syrup','./img/DEFAULT.png','Syrup','Baseline','Bottle','ml',0,'mg',0,4,2,'2020-12-01 16:47:39','2020-12-01 16:47:39'),('Rhizen Tabs 0G (Kinapharma)','Rhizen','./img/DEFAULT.png','Tablet','Kinapharma','Bottle','ml',0,'g',0,10,2,'2020-12-20 16:09:51','2020-12-20 16:09:51'),('Rhizen Tabs Tabs 0Mg (Gb Pharma)','Rhizen Tabs','./img/DEFAULT.png','Tablet','Gb Pharma Limited','Bottle','ml',0,'mg',0,5,2,'2020-12-01 16:47:18','2020-12-01 16:47:18'),('Riddles Adult Syrup 0G (Baseline)','Riddles Adult','./img/DEFAULT.png','Syrup','Baseline','Bottle','ml',0,'g',0,3,2,'2020-11-24 12:02:30','2020-11-24 12:02:30'),('Riddles Baby Syrup 0G (Baseline)','Riddles Baby','./img/DEFAULT.png','Syrup','Baseline','Bottle','ml',0,'g',0,3,2,'2020-11-24 12:04:54','2020-11-24 12:04:54'),('Riddles Jun Syrup 0G (Baseline)','Riddles Jun','./img/DEFAULT.png','Syrup','Baseline','Bottle','ml',0,'g',0,2,2,'2020-11-24 12:03:04','2020-11-24 12:03:04'),('Ritonic Syrup Syrup 0G (Unicom)','Ritonic Syrup','./img/DEFAULT.png','Syrup','Unicom','Bottle','ml',0,'g',0,3,2,'2020-11-24 13:23:55','2020-11-24 13:23:55'),('Robb Inhaler 0G (Others)','Robb','./img/DEFAULT.png','Inhaler','Others','Bottle','ml',0,'g',0,4,2,'2020-12-25 15:22:15','2020-12-25 15:22:15'),('Robb Jar Ointments 0G (Others)','Robb Jar','./img/DEFAULT.png','Ointment','Others','Bottle','ml',0,'g',0,2,2,'2020-12-27 21:13:10','2020-12-27 21:13:10'),('Robb Ointments 0G (Others)','Robb','./img/DEFAULT.png','Ointment','Others','Bottle','ml',0,'g',0,2,2,'2020-12-27 21:12:52','2020-12-27 21:12:52'),('Robitussin Cough Syrup 0G (Unicom)','Robitussin Cough','./img/DEFAULT.png','Syrup','Unicom','Bottle','ml',0,'g',0,1,2,'2020-11-24 12:55:24','2020-11-24 12:55:24'),('Romex Adult Syrup 0G (Tobinco)','Romex Adult','./img/DEFAULT.png','Syrup','Tobinco','Bottle','ml',0,'g',0,3,2,'2020-12-01 17:01:12','2020-12-01 17:01:12'),('Romex Jun Syrup 0G (Arytons)','Romex Jun','./img/DEFAULT.png','Syrup','Arytons','Bottle','ml',0,'g',0,3,2,'2020-12-01 17:06:18','2020-12-01 17:06:18'),('Ronadol Tabs 0G (Others)','Ronadol','./img/DEFAULT.png','Tablet','Others','Bottle','ml',0,'g',0,5,2,'2020-12-24 19:36:30','2020-12-24 19:36:30'),('Ronfit Cold Syrup Syrup 0G (Unicom)','Ronfit Cold Syrup','./img/DEFAULT.png','Syrup','Unicom','Bottle','ml',0,'g',0,3,2,'2020-11-24 14:08:12','2020-11-24 14:08:12'),('Ronfit Cold Tabs 0Mg (Others)','Ronfit Cold','./img/DEFAULT.png','Tablet','Others','Bottle','ml',0,'mg',0,4,2,'2020-12-20 15:57:49','2020-12-20 15:57:49'),('Ronfit Forte Capsule 0Mg (Baseline)','Ronfit Forte','./img/DEFAULT.png','Capsule','Baseline','Bottle','ml',0,'mg',0,3,2,'2020-12-20 09:45:27','2020-12-20 09:45:27'),('Rooter Life Syrup 0G (Letap)','Rooter Life','./img/DEFAULT.png','Syrup','Letap','Bottle','ml',0,'g',0,2,2,'2020-12-01 18:32:01','2020-12-01 18:32:01'),('Rooter Mixture Syrup 0G (Letap)','Rooter Mixture','./img/DEFAULT.png','Syrup','Letap','Bottle','ml',0,'g',0,8,2,'2020-12-01 18:20:56','2020-12-01 18:20:56'),('Rooter Tytonic Syrup 0G (Letap)','Rooter Tytonic','./img/DEFAULT.png','Syrup','Letap','Bottle','ml',0,'g',0,3,2,'2020-12-01 18:20:26','2020-12-01 18:20:26'),('Rough Rider Condom 0G (Others)','Rough Rider','./img/DEFAULT.png','Condom','Others','Bottle','ml',0,'g',0,3,2,'2020-12-23 18:38:26','2020-12-23 18:38:26'),('Roxidol Tabs 0G (Others)','Roxidol','./img/DEFAULT.png','Tablet','Others','Bottle','ml',0,'g',0,4,2,'2020-12-24 19:30:27','2020-12-24 19:30:27'),('Rubbing Alcohol Syrup 0G (Letap)','Rubbing Alcohol','./img/DEFAULT.png','Syrup','Letap','Bottle','ml',0,'g',0,2,2,'2020-12-01 18:21:54','2020-12-01 18:21:54'),('Rufedol Tabs 0Mg (Shalina)','Rufedol','./img/DEFAULT.png','Tablet','Shalina','Bottle','ml',0,'mg',0,4,2,'2020-12-20 09:49:12','2020-12-20 09:49:12'),('Sabroso 125Ml Oil 0G (Others)','Sabroso 125Ml','./img/DEFAULT.png','Oil','Others','Bottle','ml',0,'g',0,2,2,'2020-12-20 16:22:53','2020-12-20 16:22:53'),('Sabroso 250Ml Oil 0G (Others)','Sabroso 250Ml','./img/DEFAULT.png','Oil','Others','Bottle','ml',0,'g',0,1,2,'2020-12-20 16:22:25','2020-12-20 16:22:25'),('Salamol Inhaler Syrup 0G (Unicom)','Salamol Inhaler','./img/DEFAULT.png','Syrup','Unicom','Bottle','ml',0,'g',0,1,2,'2020-11-24 12:27:54','2020-11-24 12:27:54'),('Salbutamol Ecl Tabs 0G (Ernest Chemist)','Salbutamol Ecl','./img/DEFAULT.png','Tablet','Ernest Chemist','Bottle','ml',0,'g',0,10,2,'2021-01-15 19:25:15','2021-01-15 19:25:15'),('Salbutamol Syrup 0G (Others)','Salbutamol','./img/DEFAULT.png','Syrup','Others','Bottle','ml',0,'g',0,1,2,'2020-12-20 16:34:46','2020-12-20 16:34:46'),('Salo Apeti Syrup 0G (Unichem)','Salo Apeti Syrup','./img/DEFAULT.png','Syrup','Unichem Industries','Bottle','ml',0,'g',0,2,2,'2020-11-24 13:12:57','2020-11-24 13:12:57'),('Salo Apeti Tabs Tabs 0G (Unicom)','Salo Apeti Tabs','./img/DEFAULT.png','Tablet','Unicom','Bottle','ml',0,'g',0,2,2,'2020-11-24 13:14:16','2020-11-24 13:14:16'),('Salo Cold Tabs 0Mg (Others)','Salo Cold','./img/DEFAULT.png','Tablet','Others','Bottle','ml',0,'mg',0,10,2,'2020-12-20 15:43:23','2020-12-20 15:43:23'),('Salocold Syrup Syrup 0G (Unichem)','Salocold Syrup','./img/DEFAULT.png','Syrup','Unichem Industries','Bottle','ml',0,'g',0,3,2,'2020-12-01 16:51:34','2020-12-01 16:51:34'),('Salocold Tabs Tabs 0G (Osons)','Salocold Tabs','./img/DEFAULT.png','Tablet','Osons','Bottle','ml',0,'g',0,20,2,'2020-12-01 16:52:28','2020-12-01 16:52:28'),('Salodyne Syrup Syrup 0G (Unicom)','Salodyne Syrup','./img/DEFAULT.png','Syrup','Unicom','Bottle','ml',0,'g',0,2,2,'2020-11-24 13:14:39','2020-11-24 13:14:39'),('Salogel O Suspensions 0G (Others)','Salogel O','./img/DEFAULT.png','Suspension','Others','Bottle','ml',0,'g',0,2,2,'2020-12-25 12:12:47','2020-12-25 12:12:47'),('Salogel O Suspensions 0Mg (M&G)','Salogel O','./img/DEFAULT.png','Suspension','M&G','Bottle','ml',0,'mg',0,2,2,'2020-12-20 10:03:39','2020-12-20 10:03:39'),('Salogel Suspensions 0G (Others)','Salogel','./img/DEFAULT.png','Suspension','Others','Bottle','ml',0,'g',0,2,2,'2020-12-25 12:07:31','2020-12-25 12:07:31'),('Salogel Suspensions 0Mg (Gb)','Salogel','./img/DEFAULT.png','Suspension','Gb Pharma Limited','Bottle','ml',0,'mg',0,2,2,'2020-12-20 10:03:19','2020-12-20 10:03:19'),('Samalin Adult Syrup 0G (Baseline)','Samalin Adult','./img/DEFAULT.png','Syrup','Baseline','Bottle','ml',0,'g',0,3,2,'2020-11-24 12:01:28','2020-11-24 12:01:28'),('Samalin Jun Syrup 0G (Baseline)','Samalin Jun','./img/DEFAULT.png','Syrup','Baseline','Bottle','ml',0,'g',0,3,2,'2020-11-24 12:01:57','2020-11-24 12:01:57'),('Samalin Lozenges 0G (Arytons)','Samalin','./img/DEFAULT.png','Lozenges','Arytons','Bottle','ml',0,'g',0,4,2,'2020-12-25 18:48:12','2020-12-25 18:48:12'),('Samocid Solution 0G (Others)','Samocid','./img/DEFAULT.png','Solution','Others','Bottle','ml',0,'g',0,1,2,'2020-12-25 14:22:33','2020-12-25 14:22:33'),('Savlon 125Ml Others 0Others (Ernest Chemist)','Savlon 125Ml','./img/DEFAULT.png','Others','Ernest Chemist','Bottle','ml',0,'others',0,2,2,'2020-12-19 15:37:06','2020-12-19 15:37:06'),('Savlon 250Ml Others 0Others (Osons)','Savlon 250Ml','./img/DEFAULT.png','Others','Osons','Bottle','ml',0,'others',0,2,2,'2020-12-19 15:37:35','2020-12-19 15:37:35'),('Scheriproct Supplement 0G (Others)','Scheriproct','./img/DEFAULT.png','Supplement','Others','Bottle','ml',0,'g',0,1,2,'2020-12-23 20:05:39','2020-12-23 20:05:39'),('Seclear Drops 0G (Others)','Seclear','./img/DEFAULT.png','Drops','Others','Bottle','ml',0,'g',0,3,2,'2020-12-20 07:05:55','2020-12-20 07:05:55'),('Secnidazole(Seczol) Tabs 0G (Others)','Secnidazole(Seczol)','./img/DEFAULT.png','Tablet','Others','Bottle','ml',0,'g',0,2,2,'2020-12-21 21:20:56','2020-12-21 21:20:56'),('Secnidazole(Tagera Forte) Tabs 0G (Others)','Secnidazole(Tagera Forte)','./img/DEFAULT.png','Tablet','Others','Bottle','ml',0,'g',0,3,2,'2020-12-21 21:13:48','2020-12-21 21:13:48'),('Secure Tabs 0G (Others)','Secure','./img/DEFAULT.png','Tablet','Others','Bottle','ml',0,'g',0,3,2,'2020-12-23 19:23:59','2020-12-23 19:23:59'),('Sedalyn Adult Syrup 0G (Baseline)','Sedalyn Adult','./img/DEFAULT.png','Syrup','Baseline','Bottle','ml',0,'g',0,2,2,'2020-11-24 11:59:49','2020-11-24 11:59:49'),('Sedalyn Child Syrup 0G (Baseline)','Sedalyn Child','./img/DEFAULT.png','Syrup','Baseline','Bottle','ml',0,'g',0,2,2,'2020-11-24 12:00:27','2020-11-24 12:00:27'),('Seflox Drop 0G (Others)','Seflox','./img/DEFAULT.png','Drops','Others','Bottle','ml',0,'g',0,3,2,'2020-12-20 07:05:31','2020-12-20 07:05:31'),('Selevite Tabs 0G (Others)','Selevite','./img/DEFAULT.png','Tablet','Others','Bottle','ml',0,'g',0,2,2,'2020-12-25 18:49:52','2020-12-25 18:49:52'),('Sensodyne Paste 0G (Unicom)','Sensodyne','./img/DEFAULT.png','Paste','Unicom','Bottle','ml',0,'g',0,2,2,'2020-12-25 11:58:09','2020-12-25 11:58:09'),('Septilin Syrup Syrup 0Ml (Unicom)','Septilin Syrup','./img/DEFAULT.png','Syrup','Unicom','Bottle','ml',0,'ml',0,1,2,'2020-11-24 11:17:36','2020-11-24 11:17:36'),('Septilin Tabs Tabs 0Mg (Unicom)','Septilin Tabs','./img/DEFAULT.png','Tablet','Unicom','Bottle','ml',0,'mg',0,1,2,'2020-11-24 11:18:03','2020-11-24 11:18:03'),('Septrim(Nestrim) Syrup 0G (Ernest Chemist)','Septrim(Nestrim)','./img/DEFAULT.png','Syrup','Ernest Chemist','Bottle','ml',0,'g',0,2,2,'2020-12-25 21:46:03','2020-12-25 21:46:03'),('Septrin Syrup 0G (Letap)','Septrin','./img/DEFAULT.png','Syrup','Letap','Bottle','ml',0,'g',0,2,2,'2020-12-25 21:45:07','2020-12-25 21:45:07'),('Septrin Tabs 0G (Letap)','Septrin','./img/DEFAULT.png','Tablet','Letap','Bottle','ml',0,'g',0,10,2,'2020-12-25 21:45:31','2020-12-25 21:45:31'),('Sequizol Tabs 0G (Others)','Sequizol','./img/DEFAULT.png','Tablet','Others','Bottle','ml',0,'g',0,5,2,'2020-12-24 20:26:05','2020-12-24 20:26:05'),('Seven Seas Cod Liver Syrup Small Syrup 0G (Baseline)','Seven Seas Cod Liver Syrup Small','./img/DEFAULT.png','Syrup','Baseline','Bottle','ml',0,'g',0,2,2,'2020-11-24 12:51:13','2020-11-24 12:51:13'),('Seven Seas Large Size Syrup 0Ml (Baseline)','Seven Seas Large Size','./img/DEFAULT.png','Syrup','Baseline','Bottle','ml',0,'ml',0,2,2,'2020-12-19 07:39:41','2020-12-19 07:39:41'),('Shalcip Tabs 1Mg (Shalina)','Shalcip','./img/DEFAULT.png','Tablet','Shalina','Bottle','ml',0,'mg',1,3,2,'2020-12-20 05:03:47','2020-12-20 05:03:47'),('Shalcip Tz Tabs 1Mg (Shalina)','Shalcip Tz','./img/DEFAULT.png','Tablet','Shalina','Bottle','ml',0,'mg',1,3,2,'2020-12-20 05:04:12','2020-12-20 05:04:12'),('Shaltoux Lozenges 0G (Others)','Shaltoux','./img/DEFAULT.png','Lozenges','Others','Bottle','ml',0,'g',0,10,2,'2020-12-25 14:38:02','2020-12-25 14:38:02'),('Sibi Man Capsule 0G (Others)','Sibi Man','./img/DEFAULT.png','Capsule','Others','Bottle','ml',0,'g',0,2,2,'2020-12-20 19:08:06','2020-12-20 19:08:06'),('Sibi Soap 0G (Others)','Sibi','./img/DEFAULT.png','Soap','Others','Bottle','ml',0,'g',0,2,2,'2020-12-28 12:46:17','2020-12-28 12:46:17'),('Sibi Woman Capsule 0G (Others)','Sibi Woman','./img/DEFAULT.png','Capsule','Others','Bottle','ml',0,'g',0,2,2,'2020-12-20 19:08:39','2020-12-20 19:08:39'),('Silden 100Mg Tabs 0G (Others)','Silden 100Mg','./img/DEFAULT.png','Tablet','Others','Bottle','ml',0,'g',0,2,2,'2020-12-23 21:55:49','2020-12-23 21:55:49'),('Silden 50Mg Tabs 0G (Others)','Silden 50Mg','./img/DEFAULT.png','Tablet','Others','Bottle','ml',0,'g',0,2,2,'2020-12-23 21:56:09','2020-12-23 21:56:09'),('Silver Bird Oil 0G (Others)','Silver Bird','./img/DEFAULT.png','Oil','Others','Bottle','ml',0,'g',0,1,2,'2020-12-20 16:37:20','2020-12-20 16:37:20'),('Silverzinc Creams 0G (Others)','Silverzinc','./img/DEFAULT.png','Cream','Others','Bottle','ml',0,'g',0,2,2,'2020-12-23 20:01:13','2020-12-23 20:01:13'),('Sivoderm Creams 0G (Others)','Sivoderm','./img/DEFAULT.png','Cream','Others','Bottle','ml',0,'g',0,1,2,'2020-12-28 20:51:46','2020-12-28 20:51:46'),('Sivoderm Powder 0G (Others)','Sivoderm','./img/DEFAULT.png','Powder','Others','Bottle','ml',0,'g',0,1,2,'2020-12-28 20:51:31','2020-12-28 20:51:31'),('Skybru Syrup 0G (Gb Pharma)','Skybru','./img/DEFAULT.png','Syrup','Gb Pharma Limited','Bottle','ml',0,'g',0,2,2,'2020-11-24 14:06:04','2020-11-24 14:06:04'),('Solak Mixture Syrup 0G (Letap)','Solak Mixture','./img/DEFAULT.png','Syrup','Letap','Bottle','ml',0,'g',0,2,2,'2020-12-01 18:38:03','2020-12-01 18:38:03'),('Soluble Asprin 10S Tabs 0G (Uk)','Soluble Asprin 10S','./img/DEFAULT.png','Tablet','Uk','Bottle','ml',0,'g',0,10,2,'2020-12-25 12:29:30','2020-12-25 12:29:30'),('Soluble Asprin 25S Tabs 0G (Ernest Chemist)','Soluble Asprin 25S','./img/DEFAULT.png','Tablet','Ernest Chemist','Bottle','ml',0,'g',0,2,2,'2020-12-25 12:29:07','2020-12-25 12:29:07'),('Soluble Asprin 75Mg Tabs 0G (Others)','Soluble Asprin 75Mg','./img/DEFAULT.png','Tablet','Others','Bottle','ml',0,'g',0,2,2,'2020-12-25 12:27:09','2020-12-25 12:27:09'),('Spanish Garlic Syrup 0G (Letap)','Spanish Garlic','./img/DEFAULT.png','Syrup','Letap','Bottle','ml',0,'g',0,3,2,'2020-12-01 18:32:24','2020-12-01 18:32:24'),('Spirit 60Ml Ointments 0G (Others)','Spirit 60Ml','./img/DEFAULT.png','Ointment','Others','Bottle','ml',0,'g',0,10,2,'2020-12-22 18:31:35','2020-12-22 18:31:35'),('Spironolactone Tabs 0G (Teva)','Spironolactone','./img/DEFAULT.png','Tablet','Teva','Bottle','ml',0,'g',0,2,2,'2020-12-30 20:26:04','2020-12-30 20:26:04'),('Stomocaine Suspensions 0G (Unichem)','Stomocaine','./img/DEFAULT.png','Suspension','Unichem Industries','Bottle','ml',0,'g',0,2,2,'2020-12-20 16:50:09','2020-12-20 16:50:09'),('Stopkof Adult Syrup 0G (Gb Pharma)','Stopkof Adult','./img/DEFAULT.png','Syrup','Gb Pharma Limited','Bottle','ml',0,'g',0,3,2,'2020-11-24 12:58:28','2020-11-24 12:58:28'),('Stopkof Baby Syrup 0G (Unicom)','Stopkof Baby','./img/DEFAULT.png','Syrup','Unicom','Bottle','ml',0,'g',0,3,2,'2020-11-24 12:55:53','2020-11-24 12:55:53'),('Stopkof Jun Syrup 0G (Unicom)','Stopkof Jun','./img/DEFAULT.png','Syrup','Unicom','Bottle','ml',0,'g',0,3,2,'2020-11-24 12:56:32','2020-11-24 12:56:32'),('Strepsils Lozenges 0Mg (Uk)','Strepsils','./img/DEFAULT.png','Lozenges','Uk','Bottle','ml',0,'mg',0,6,2,'2020-12-20 15:46:31','2020-12-20 15:46:31'),('Streptol Lozenges 0G (Osons)','Streptol','./img/DEFAULT.png','Lozenges','Osons','Bottle','ml',0,'g',0,10,2,'2020-12-29 15:14:40','2020-12-29 15:14:40'),('Stugeron Tabs 0Mg (Others)','Stugeron','./img/DEFAULT.png','Tablet','Others','Bottle','ml',0,'mg',0,3,2,'2020-12-20 15:57:25','2020-12-20 15:57:25'),('Sudo 125G Creams 0G (Unicom)','Sudo 125G','./img/DEFAULT.png','Cream','Unicom','Bottle','ml',0,'g',0,1,2,'2021-01-02 18:37:10','2021-01-02 18:37:10'),('Sudo 60G Creams 0G (Unicom)','Sudo 60G','./img/DEFAULT.png','Cream','Unicom','Bottle','ml',0,'g',0,1,2,'2021-01-02 18:36:30','2021-01-02 18:36:30'),('Sulphur Ointments 0G (Others)','Sulphur','./img/DEFAULT.png','Ointment','Others','Bottle','ml',0,'g',0,2,2,'2020-12-20 17:05:17','2020-12-20 17:05:17'),('Sumo Active Syrup Syrup 0G (Baseline)','Sumo Active Syrup','./img/DEFAULT.png','Syrup','Baseline','Bottle','ml',0,'g',0,2,2,'2020-11-24 11:48:25','2020-11-24 11:48:25'),('Sumo Active Tabs Capsule 0G (Baseline)','Sumo Active Tabs','./img/DEFAULT.png','Capsule','Baseline','Bottle','ml',0,'g',0,2,2,'2020-11-24 11:49:11','2020-11-24 11:49:11'),('Supavita Capsule Capsule 0G (Osons)','Supavita Capsule','./img/DEFAULT.png','Capsule','Osons','Bottle','ml',0,'g',0,3,2,'2020-12-01 17:39:09','2020-12-01 17:39:09'),('Supirocin Creams 0G (Others)','Supirocin','./img/DEFAULT.png','Cream','Others','Bottle','ml',0,'g',0,2,2,'2020-12-23 19:58:18','2020-12-23 19:58:18'),('Sure Deo Spray 0G (Others)','Sure Deo','./img/DEFAULT.png','Spray','Others','Bottle','ml',0,'g',0,4,2,'2020-12-26 17:58:08','2020-12-26 17:58:08'),('Surfaz Creams 0G (Others)','Surfaz','./img/DEFAULT.png','Cream','Others','Bottle','ml',0,'g',0,3,2,'2020-12-23 20:58:06','2020-12-23 20:58:06'),('Taabea Capsule 0G (Others)','Taabea','./img/DEFAULT.png','Capsule','Others','Bottle','ml',0,'g',0,1,2,'2020-12-20 17:27:28','2020-12-20 17:27:28'),('Taabea Capsule Capsule 0Others (Letap)','Taabea Capsule','./img/DEFAULT.png','Capsule','Letap','Bottle','ml',0,'others',0,2,2,'2020-12-18 23:43:18','2020-12-18 23:43:18'),('Taabea Mixture Syrup 0G (Letap)','Taabea Mixture','./img/DEFAULT.png','Syrup','Letap','Bottle','ml',0,'g',0,6,2,'2020-12-01 18:31:06','2020-12-01 18:31:06'),('Tacizol Suspensions 0G (Others)','Tacizol','./img/DEFAULT.png','Suspension','Others','Bottle','ml',0,'g',0,3,2,'2020-12-24 20:10:10','2020-12-24 20:10:10'),('Tacizol Tabs 0G (Others)','Tacizol','./img/DEFAULT.png','Tablet','Others','Bottle','ml',0,'g',0,5,2,'2020-12-24 20:10:30','2020-12-24 20:10:30'),('Talgentis 20Mg Tabs 0G (Others)','Talgentis 20Mg','./img/DEFAULT.png','Tablet','Others','Bottle','ml',0,'g',0,2,2,'2020-12-23 18:48:01','2020-12-23 18:48:01'),('Talgentis 5Mg Tabs 0G (Others)','Talgentis 5Mg','./img/DEFAULT.png','Tablet','Others','Bottle','ml',0,'g',0,5,2,'2020-12-23 18:46:40','2020-12-23 18:46:40'),('Tanzol Suspensions 0G (Shalina)','Tanzol','./img/DEFAULT.png','Suspension','Shalina','Bottle','ml',0,'g',0,4,2,'2020-12-24 20:20:13','2020-12-24 20:20:13'),('Tanzol Tabs 0G (Shalina)','Tanzol','./img/DEFAULT.png','Tablet','Shalina','Bottle','ml',0,'g',0,3,2,'2020-12-24 20:19:41','2020-12-24 20:19:41'),('Teedar Syrup Syrup 0G (Unicom)','Teedar Syrup','./img/DEFAULT.png','Syrup','Unicom','Bottle','ml',0,'g',0,10,2,'2020-11-24 12:51:40','2020-11-24 12:51:40'),('Teething Mixture Bells Syrup 0G (Gb Pharma)','Teething Mixture Bells','./img/DEFAULT.png','Syrup','Gb Pharma Limited','Bottle','ml',0,'g',0,3,2,'2020-11-24 14:07:22','2020-11-24 14:07:22'),('Teething Mixture Ecl Syrup 0G (Unichem)','Teething Mixture Ecl','./img/DEFAULT.png','Syrup','Unichem Industries','Bottle','ml',0,'g',0,4,2,'2020-11-24 14:06:59','2020-11-24 14:06:59'),('Teething Powder Powder 0G (Unicom)','Teething Powder','./img/DEFAULT.png','Powder','Unicom','Bottle','ml',0,'g',0,5,2,'2020-11-24 12:41:41','2020-11-24 12:41:41'),('Tegretol 200Mg Tabs 0G (Others)','Tegretol 200Mg','./img/DEFAULT.png','Tablet','Others','Bottle','ml',0,'g',0,2,2,'2021-01-14 19:39:20','2021-01-14 19:39:20'),('Tetmosol Soap 0G (Unicom)','Tetmosol','./img/DEFAULT.png','Soap','Unicom','Bottle','ml',0,'g',0,2,2,'2020-12-23 20:57:04','2020-12-23 20:57:04'),('Tetra Capsule 0Mg (Letap)','Tetra','./img/DEFAULT.png','Capsule','Letap','Bottle','ml',0,'mg',0,10,2,'2020-12-20 07:25:43','2020-12-20 07:25:43'),('Tetra Eye Ointments 0G (Others)','Tetra Eye','./img/DEFAULT.png','Ointment','Others','Bottle','ml',0,'g',0,2,2,'2020-12-20 07:23:51','2020-12-20 07:23:51'),('Timolol(Exetomol) Eye Drop 0G (Exeter)','Timolol(Exetomol) Eye','./img/DEFAULT.png','Drops','Exeter','Bottle','ml',0,'g',0,1,2,'2020-12-25 17:55:40','2020-12-25 17:55:40'),('Tinyvite Drop Syrup 0G (Unicom)','Tinyvite Drop','./img/DEFAULT.png','Syrup','Unicom','Bottle','ml',0,'g',0,1,2,'2020-11-24 12:30:16','2020-11-24 12:30:16'),('Tixylix Baby Syrup 0G (Unicom)','Tixylix Baby','./img/DEFAULT.png','Syrup','Unicom','Bottle','ml',0,'g',0,1,2,'2020-11-24 12:20:57','2020-11-24 12:20:57'),('Tixylix Toddler Cough Syrup 0G (Baseline)','Tixylix Toddler Cough','./img/DEFAULT.png','Syrup','Baseline','Bottle','ml',0,'g',0,1,2,'2020-11-24 12:21:49','2020-11-24 12:21:49'),('Tobrin Eye Drop 0G (Others)','Tobrin Eye','./img/DEFAULT.png','Drops','Others','Bottle','ml',0,'g',0,1,2,'2020-12-21 18:26:44','2020-12-21 18:26:44'),('Tobrin Eye Ointments 0G (Others)','Tobrin Eye','./img/DEFAULT.png','Ointment','Others','Bottle','ml',0,'g',0,2,2,'2020-12-21 18:26:23','2020-12-21 18:26:23'),('Top Man Capsule 0G (Others)','Top Man','./img/DEFAULT.png','Capsule','Others','Bottle','ml',0,'g',0,2,2,'2020-12-20 17:38:37','2020-12-20 17:38:37'),('Tot Hema Syrup 0G (Others)','Tot Hema','./img/DEFAULT.png','Syrup','Others','Bottle','ml',0,'g',0,10,2,'2020-12-20 16:39:05','2020-12-20 16:39:05'),('Touch And Go Others 0G (Others)','Touch And Go','./img/DEFAULT.png','Others','Others','Bottle','ml',0,'g',0,2,2,'2020-12-25 10:06:57','2020-12-25 10:06:57'),('Tramadol Generic Capsule 0Mg (Others)','Tramadol Generic','./img/DEFAULT.png','Capsule','Others','Bottle','ml',0,'mg',0,4,2,'2020-12-20 09:24:07','2020-12-20 09:24:07'),('Tramadol(Entradol) Capsule 0G (Tobinco)','Tramadol(Entradol)','./img/DEFAULT.png','Capsule','Tobinco','Bottle','ml',0,'g',0,5,2,'2021-01-05 21:38:50','2021-01-05 21:38:50'),('Tramadol(Tadol) Tabs 0Mg (Unichem)','Tramadol( Tadol)','./img/DEFAULT.png','Tablet','Unichem Industries','Bottle','ml',0,'mg',0,1,2,'2020-12-20 09:23:31','2020-12-20 09:23:31'),('Tranexanic Acid Tabs 0Mg (Uk)','Tranexanic Acid','./img/DEFAULT.png','Tablet','Uk','Bottle','ml',0,'mg',0,3,2,'2020-12-20 14:55:13','2020-12-20 14:55:13'),('Tremendous Capsule 0G (Others)','Tremendous','./img/DEFAULT.png','Capsule','Others','Bottle','ml',0,'g',0,1,2,'2020-12-20 17:27:12','2020-12-20 17:27:12'),('Tres-Orix Big Syrup 0G (Unicom)','Tres-Orix Big','./img/DEFAULT.png','Syrup','Unicom','Bottle','ml',0,'g',0,2,2,'2020-11-24 13:29:07','2020-11-24 13:29:07'),('Tres-Orix Small Tabs 0G (Unicom)','Tres-Orix Small','./img/DEFAULT.png','Tablet','Unicom','Bottle','ml',0,'g',0,3,2,'2020-11-24 13:29:42','2020-11-24 13:29:42'),('Trisilicate Tabs 0G (Letap)','Trisilicate','./img/DEFAULT.png','Tablet','Letap','Bottle','ml',0,'g',0,10,2,'2020-12-23 21:55:08','2020-12-23 21:55:08'),('Tylenol Capsule 0G (Uk)','Tylenol','./img/DEFAULT.png','Capsule','Uk','Bottle','ml',0,'g',0,10,2,'2020-12-25 11:50:27','2020-12-25 11:50:27'),('V-Firm Creams 0G (Others)','V-Firm','./img/DEFAULT.png','Cream','Others','Bottle','ml',0,'g',0,2,2,'2020-12-23 19:23:42','2020-12-23 19:23:42'),('Vaginax Creams 0G (Others)','Vaginax','./img/DEFAULT.png','Cream','Others','Bottle','ml',0,'g',0,3,2,'2020-12-23 20:03:12','2020-12-23 20:03:12'),('Vaginax Pessaries 0G (Others)','Vaginax','./img/DEFAULT.png','Pessaries','Others','Bottle','ml',0,'g',0,3,2,'2020-12-21 21:12:18','2020-12-21 21:12:18'),('Vaseline Body Creams 0G (Others)','Vaseline Body','./img/DEFAULT.png','Cream','Others','Bottle','ml',0,'g',0,2,2,'2021-01-10 15:50:09','2021-01-10 15:50:09'),('Venecare Mixture 0G (Others)','Venecare','./img/DEFAULT.png','Mixture','Others','Bottle','ml',0,'g',0,2,2,'2020-12-24 22:40:50','2020-12-24 22:40:50'),('Ventolin Inhaler Inhaler 0G (Unicom)','Ventolin Inhaler','./img/DEFAULT.png','Inhaler','Unicom','Bottle','ml',0,'g',0,1,2,'2020-11-24 12:26:40','2020-11-24 12:26:40'),('Ventolin Syrup Syrup 0G (Unicom)','Ventolin Syrup','./img/DEFAULT.png','Syrup','Unicom','Bottle','ml',0,'g',0,1,2,'2020-11-24 12:53:28','2020-11-24 12:53:28'),('Vermox Susp Suspensions 0G (Unicom)','Vermox Susp','./img/DEFAULT.png','Suspension','Unicom','Bottle','ml',0,'g',0,3,2,'2020-11-24 12:47:15','2020-11-24 12:47:15'),('Vermox Tabs 0G (Ernest Chemist)','Vermox','./img/DEFAULT.png','Tablet','Ernest Chemist','Bottle','ml',0,'g',0,10,2,'2020-12-27 16:09:54','2020-12-27 16:09:54'),('Vermox Tabs Syrup 0G (Unichem)','Vermox Tabs','./img/DEFAULT.png','Syrup','Unichem Industries','Bottle','ml',0,'g',0,10,2,'2020-11-24 12:47:55','2020-11-24 12:47:55'),('Vestamin Syrup Syrup 0Mg (Baseline)','Vestamin Syrup','./img/DEFAULT.png','Syrup','Baseline','Bottle','ml',0,'mg',0,2,2,'2020-11-24 11:44:10','2020-11-24 11:44:10'),('Victory Garlic Syrup 0G (Letap)','Victory Garlic','./img/DEFAULT.png','Syrup','Letap','Bottle','ml',0,'g',0,2,2,'2020-12-01 18:21:18','2020-12-01 18:21:18'),('Vigorix Syrup Capsule 0G (Kinapharma)','Vigorix Syrup','./img/DEFAULT.png','Capsule','Kinapharma','Bottle','ml',0,'g',0,3,2,'2020-12-01 17:44:03','2020-12-01 17:44:03'),('Vigorix Syrup Syrup 0G (Arytons)','Vigorix Syrup','./img/DEFAULT.png','Syrup','Arytons','Bottle','ml',0,'g',0,3,2,'2020-12-13 12:06:46','2020-12-13 12:06:46'),('Virol Syrup 0G (Unicom)','Virol','./img/DEFAULT.png','Syrup','Unicom','Bottle','ml',0,'g',0,4,2,'2020-11-24 13:21:08','2020-11-24 13:21:08'),('Viscof D Syrup 0G (Baseline)','Viscof D','./img/DEFAULT.png','Syrup','Baseline','Bottle','ml',0,'g',0,2,2,'2020-11-24 12:11:04','2020-11-24 12:11:04'),('Viscof S Syrup 0G (Baseline)','Viscof S','./img/DEFAULT.png','Syrup','Baseline','Bottle','ml',0,'g',0,2,2,'2020-11-24 12:10:40','2020-11-24 12:10:40'),('Viscof Syrup 0G (Baseline)','Viscof','./img/DEFAULT.png','Syrup','Baseline','Bottle','ml',0,'g',0,2,2,'2020-11-24 12:11:56','2020-11-24 12:11:56'),('Vitafol Tabs Tabs 0Others (Unichem)','Vitafol Tabs','./img/DEFAULT.png','Tablet','Unichem Industries','Bottle','ml',0,'others',0,3,2,'2020-12-19 16:28:45','2020-12-19 16:28:45'),('Vitamin B-Denk Syrup 0G (Denk)','Vitamin B-Denk','./img/DEFAULT.png','Syrup','Denk','Bottle','ml',0,'g',0,10,2,'2021-01-12 19:45:12','2021-01-12 19:45:12'),('Vitamin C Syrup (Bells) Syrup 0G (Unichem)','Vitamin C Syrup (Bells)','./img/DEFAULT.png','Syrup','Unichem Industries','Bottle','ml',0,'g',0,2,2,'2020-11-24 12:40:47','2020-11-24 12:40:47'),('Vitamin C Syrup Ascoryl Plus Syrup 0G (Kinapharma)','Vitamin C Syrup Ascoryl Plus','./img/DEFAULT.png','Syrup','Kinapharma','Bottle','ml',0,'g',0,2,2,'2020-11-24 14:10:27','2020-11-24 14:10:27'),('Vitamin C Syrup Syrup 0G (Kinapharma)','Vitamin C Syrup','./img/DEFAULT.png','Syrup','Kinapharma','Bottle','ml',0,'g',0,2,2,'2020-11-24 14:11:01','2020-11-24 14:11:01'),('Vitamin C Syrup(Ascorbin) Syrup 0G (Baseline)','Vitamin C Syrup(Ascorbin)','./img/DEFAULT.png','Syrup','Baseline','Bottle','ml',0,'g',0,3,2,'2020-11-24 12:38:29','2020-11-24 12:38:29'),('Vitamin C Syrup(Ascoryl) Syrup 0G (Baseline)','Vitamin C Syrup(Ascoryl)','./img/DEFAULT.png','Syrup','Baseline','Bottle','ml',0,'g',0,4,2,'2020-11-24 12:37:28','2020-11-24 12:37:28'),('Vitamin C Syrup(Best-Vit) Syrup 0G (Unicom)','Vitamin C Syrup(Best-Vit)','./img/DEFAULT.png','Syrup','Unicom','Bottle','ml',0,'g',0,2,2,'2020-11-24 12:43:38','2020-11-24 12:43:38'),('Vitamin C Tabs 1Gram Tabs 0G (Unicom)','Vitamin C Tabs 1Gram','./img/DEFAULT.png','Tablet','Unicom','Bottle','ml',0,'g',0,2,2,'2020-11-24 12:48:44','2020-11-24 12:48:44'),('Vitamin E 400Iu Caps 0G (Valupak)','Vitamin E 400Iu','./img/Vitamin E 400Iu Caps 0G (Valupak).jpg','Capsule','Valupak','Bottle','ml',0,'g',0,1,2,'2020-12-25 17:37:22','2020-12-25 17:37:22'),('Vitapower Syrup 0G (Others)','Vitapower','./img/DEFAULT.png','Syrup','Others','Bottle','ml',0,'g',0,2,2,'2021-01-09 20:13:40','2021-01-09 20:13:40'),('Vitaronamin Syrup 0G (Others)','Vitaronamin','./img/DEFAULT.png','Syrup','Others','Bottle','ml',0,'g',0,1,2,'2021-01-03 21:09:08','2021-01-03 21:09:08'),('Vitferon Capsule Capsule 0Ml (Baseline)','Vitferon Capsule','./img/DEFAULT.png','Capsule','Baseline','Bottle','ml',0,'ml',0,2,2,'2020-11-24 11:32:00','2020-11-24 11:32:00'),('Vitferon Syrup Big Syrup 0Ml (Baseline)','Vitferon Syrup Big','./img/DEFAULT.png','Syrup','Baseline','Bottle','ml',0,'ml',0,2,2,'2020-11-24 11:31:07','2020-11-24 11:31:07'),('Vitferon Syrup Small Syrup 0Ml (Baseline)','Vitferon Syrup Small','./img/DEFAULT.png','Syrup','Baseline','Bottle','ml',0,'ml',0,2,2,'2020-11-24 11:31:31','2020-11-24 11:31:31'),('Volfast Powder 0Mg (Unichem)','Volfast','./img/DEFAULT.png','Powder','Unichem Industries','Bottle','ml',0,'mg',0,5,2,'2020-12-20 14:52:14','2020-12-20 14:52:14'),('Well Woman Capsule 0G (Ernest Chemist)','Well Woman','./img/DEFAULT.png','Capsule','Ernest Chemist','Bottle','ml',0,'g',0,2,2,'2020-12-25 20:34:37','2020-12-25 20:34:37'),('Wellbaby Drop Drops 0G (Unicom)','Wellbaby Drop','./img/DEFAULT.png','Drops','Unicom','Bottle','ml',0,'g',0,1,2,'2020-11-24 12:35:27','2020-11-24 12:35:27'),('Wellbaby Syrup 0Others (Unichem)','Wellbaby','./img/DEFAULT.png','Syrup','Unichem Industries','Bottle','ml',0,'others',0,1,2,'2020-12-19 16:29:15','2020-12-19 16:29:15'),('Wellman 50+ Capsule 0G (Unicom)','Wellman 50+','./img/DEFAULT.png','Capsule','Unicom','Bottle','ml',0,'g',0,1,2,'2020-12-26 15:38:14','2020-12-26 15:38:14'),('Wellman Capsule 0G (Ernest Chemist)','Wellman','./img/DEFAULT.png','Capsule','Ernest Chemist','Bottle','ml',0,'g',0,1,2,'2020-12-25 19:12:12','2020-12-25 19:12:12'),('Wellwoman 50+ Capsule 0G (Unicom)','Wellwoman 50+','./img/DEFAULT.png','Capsule','Unicom','Bottle','ml',0,'g',0,2,2,'2020-12-26 20:35:40','2020-12-26 20:35:40'),('Whitfield Ointments 0G (Others)','Whitfield','./img/DEFAULT.png','Ointment','Others','Bottle','ml',0,'g',0,2,2,'2020-12-20 17:07:41','2020-12-20 17:07:41'),('Winart Forte Tabs 0Mg (Ascot)','Winart Forte','./img/DEFAULT.png','Tablet','Ascot','Bottle','ml',0,'mg',0,3,2,'2020-12-20 08:08:26','2020-12-20 08:08:26'),('Winart Suspensions 0G (Ascot)','Winart','./img/DEFAULT.png','Suspension','Ascot','Bottle','ml',0,'g',0,3,2,'2020-12-20 08:08:47','2020-12-20 08:08:47'),('Wormbat 400 Tabs 0Others (Unichem)','Wormbat 400','./img/DEFAULT.png','Tablet','Unichem Industries','Bottle','ml',0,'others',0,6,2,'2020-12-19 18:15:48','2020-12-19 18:15:48'),('Wormicel Suspensions 0G (Others)','Wormicel','./img/DEFAULT.png','Suspension','Others','Bottle','ml',0,'g',0,2,2,'2021-01-06 21:00:34','2021-01-06 21:00:34'),('Wormplex Suspensions 0G (Others)','Wormplex','./img/DEFAULT.png','Suspension','Others','Bottle','ml',0,'g',0,4,2,'2020-12-24 20:06:24','2020-12-24 20:06:24'),('Wormplex Tabs 0G (Others)','Wormplex','./img/DEFAULT.png','Tablet','Others','Bottle','ml',0,'g',0,5,2,'2020-12-24 20:05:59','2020-12-24 20:05:59'),('Wormron 400 Tabs 0G (Others)','Wormron 400','./img/DEFAULT.png','Tablet','Others','Bottle','ml',0,'g',0,5,2,'2021-01-07 18:10:02','2021-01-07 18:10:02'),('Wormzap Suspensions 0G (Others)','Wormzap','./img/DEFAULT.png','Suspension','Others','Bottle','ml',0,'g',0,4,2,'2020-12-25 11:36:32','2020-12-25 11:36:32'),('Wormzap Tabs 0G (Others)','Wormzap','./img/DEFAULT.png','Tablet','Others','Bottle','ml',0,'g',0,5,2,'2020-12-25 11:37:01','2020-12-25 11:37:01'),('Xferon Syrup Syrup 0G (Tobinco)','Xferon Syrup','./img/DEFAULT.png','Syrup','Tobinco','Bottle','ml',0,'g',0,2,2,'2020-12-01 17:20:42','2020-12-01 17:20:42'),('Yafo Man Power Capsule 0G (Others)','Yafo Man Power','./img/DEFAULT.png','Capsule','Others','Bottle','ml',0,'g',0,2,2,'2020-12-20 17:43:08','2020-12-20 17:43:08'),('Yodi Others 0G (Others)','Yodi','./img/DEFAULT.png','Others','Others','Bottle','ml',0,'g',0,10,2,'2020-12-21 18:36:32','2020-12-21 18:36:32'),('Zentel Suspensions 0G (Ernest Chemist)','Zentel','./img/DEFAULT.png','Suspension','Ernest Chemist','Bottle','ml',0,'g',0,3,2,'2020-12-24 20:04:13','2020-12-24 20:04:13'),('Zentel Tabs 0G (Ernest Chemist)','Zentel','./img/DEFAULT.png','Tablet','Ernest Chemist','Bottle','ml',0,'g',0,3,2,'2020-12-24 20:00:24','2020-12-24 20:00:24'),('Zerocid Suspensions 0G (Others)','Zerocid','./img/DEFAULT.png','Suspension','Others','Bottle','ml',0,'g',0,2,2,'2020-12-20 16:49:47','2020-12-20 16:49:47'),('Zinc 10Mg Tabs 0G (M&G)','Zinc 10Mg','./img/DEFAULT.png','Tablet','M&G','Bottle','ml',0,'g',0,10,2,'2020-12-27 15:44:01','2020-12-27 15:44:01'),('Zinc 20Mg Tabs 0G (M&G)','Zinc 20Mg','./img/DEFAULT.png','Tablet','M&G','Bottle','ml',0,'g',0,10,2,'2020-12-27 15:51:25','2020-12-27 15:51:25'),('Zinc Oxide Ointments 0G (Others)','Zinc Oxide','./img/DEFAULT.png','Ointment','Others','Bottle','ml',0,'g',0,2,2,'2020-12-20 17:07:00','2020-12-20 17:07:00'),('Zincofer Capsule Capsule 0G (Unicom)','Zincofer Capsule','./img/DEFAULT.png','Capsule','Unicom','Bottle','ml',0,'g',0,2,2,'2020-11-24 13:08:43','2020-11-24 13:08:43'),('Zincofer Syrup Syrup 0G (Unicom)','Zincofer Syrup','./img/DEFAULT.png','Syrup','Unicom','Bottle','ml',0,'g',0,3,2,'2020-11-24 13:08:24','2020-11-24 13:08:24'),('Zincolac B Tabs 0G (Others)','Zincolac B','./img/DEFAULT.png','Tablet','Others','Bottle','ml',0,'g',0,1,2,'2020-12-24 23:05:14','2020-12-24 23:05:14'),('Zincovit Drop Drops 0G (Unicom)','Zincovit Drop','./img/DEFAULT.png','Drops','Unicom','Bottle','ml',0,'g',0,2,2,'2020-11-24 12:36:10','2020-11-24 12:36:10'),('Zincovit Syrup Syrup 0Mg (Unicom)','Zincovit Syrup','./img/DEFAULT.png','Syrup','Unicom','Bottle','ml',0,'mg',0,3,2,'2020-11-24 13:06:13','2020-11-24 13:06:13'),('Zincovit Tabs Tabs 0G (Unicom)','Zincovit Tabs','./img/DEFAULT.png','Tablet','Unicom','Bottle','ml',0,'g',0,2,2,'2020-11-24 13:06:40','2020-11-24 13:06:40'),('Zinnat Suspensions 1Ml (Ernest Chemist)','Zinnat','./img/DEFAULT.png','Suspension','Ernest Chemist','Bottle','ml',0,'ml',1,1,2,'2020-12-20 05:04:45','2020-12-20 05:04:45'),('Zipferon Capsule 0G (Pokupharma)','Zipferon Capsule','./img/DEFAULT.png','Capsule','Pokupharma','Bottle','ml',0,'g',0,3,2,'2020-12-01 17:16:06','2020-12-01 17:16:06'),('Zipferon Syr Syrup 0G (Pokupharma)','Zipferon Syr','./img/DEFAULT.png','Syrup','Pokupharma','Bottle','ml',0,'g',0,2,2,'2020-12-01 17:15:39','2020-12-01 17:15:39'),('Zipman Capsule 0G (Others)','Zipman','./img/DEFAULT.png','Capsule','Others','Bottle','ml',0,'g',0,1,2,'2020-12-20 17:27:43','2020-12-20 17:27:43'),('Zubes Baby Syrup 0G (Pokupharma)','Zubes Baby','./img/DEFAULT.png','Syrup','Pokupharma','Bottle','ml',0,'g',0,3,2,'2020-12-01 17:14:54','2020-12-01 17:14:54'),('Zubes Expectorant Syrup 0G (Gb Pharma)','Zubes Expectorant','./img/DEFAULT.png','Syrup','Gb Pharma Limited','Bottle','ml',0,'g',0,3,2,'2020-12-01 17:08:49','2020-12-01 17:08:49'),('Zubes Extra Strong Syrup 0G (Unichem)','Zubes Extra Strong','./img/DEFAULT.png','Syrup','Unichem Industries','Bottle','ml',0,'g',0,3,2,'2020-12-01 17:07:58','2020-12-01 17:07:58'),('Zubes Lozenges 0G (Others)','Zubes','./img/DEFAULT.png','Lozenges','Others','Bottle','ml',0,'g',0,10,2,'2020-12-29 15:11:38','2020-12-29 15:11:38'),('Zudrex Syrup Syrup 0G (Gb Pharma)','Zudrex Syrup','./img/DEFAULT.png','Syrup','Gb Pharma Limited','Bottle','ml',0,'g',0,2,2,'2020-11-24 14:08:37','2020-11-24 14:08:37'),('Zudrex Tabs 0G (Osons)','Zudrex','./img/DEFAULT.png','Tablet','Osons','Bottle','ml',0,'g',0,5,2,'2021-01-07 18:27:42','2021-01-07 18:27:42'),('Zulu Tabs 0Mg (Others)','Zulu','./img/DEFAULT.png','Tablet','Others','Bottle','ml',0,'mg',0,3,2,'2020-12-20 09:47:14','2020-12-20 09:47:14'),('Zyfen Tabs 0G (Unicom)','Zyfen','./img/DEFAULT.png','Tablet','Unicom','Bottle','ml',0,'g',0,1,2,'2020-12-20 16:03:02','2020-12-20 16:03:02');
/*!40000 ALTER TABLE `items` ENABLE KEYS */;
UNLOCK TABLES;

--
-- Table structure for table `items_price`
--

DROP TABLE IF EXISTS `items_price`;
/*!40101 SET @saved_cs_client     = @@character_set_client */;
/*!50503 SET character_set_client = utf8mb4 */;
CREATE TABLE `items_price` (
  `item_desc` varchar(500) NOT NULL,
  `cost_price` double NOT NULL,
  `sales_price` double NOT NULL,
  `entry_log` datetime NOT NULL,
  `last_modified` timestamp NOT NULL DEFAULT CURRENT_TIMESTAMP ON UPDATE CURRENT_TIMESTAMP,
  PRIMARY KEY (`item_desc`),
  CONSTRAINT `items_price_ibfk_1` FOREIGN KEY (`item_desc`) REFERENCES `items` (`item_desc`)
) ENGINE=InnoDB DEFAULT CHARSET=latin1;
/*!40101 SET character_set_client = @saved_cs_client */;

--
-- Dumping data for table `items_price`
--

LOCK TABLES `items_price` WRITE;
/*!40000 ALTER TABLE `items_price` DISABLE KEYS */;
INSERT INTO `items_price` VALUES ('1 Inch Plaster 0Mg (Others)',5,12,'2021-02-02 17:45:33','2021-02-02 17:45:33'),('A.T,S(Tetanus) Injection 0G (Others)',4.5,9,'2021-02-02 17:46:04','2021-02-02 17:46:04'),('Abidec Drop Drops 0G (Unicom)',6,9,'2021-02-04 08:44:30','2021-02-04 08:44:30'),('Abonike Ointments 0G (Others)',5,15,'2021-02-02 17:46:24','2021-02-02 17:46:24'),('Abyvita Capsule 0Mg (Baseline)',15,25,'2021-02-02 17:46:50','2021-02-02 17:46:50'),('Abyvita Syrup 0Ml (Baseline)',7,18.5,'2021-02-02 17:47:14','2021-02-02 17:47:14'),('Aciclovir 800Mg Tabs 0Mg (Uk)',0,0,'2020-12-20 16:04:07','2020-12-20 16:04:07'),('Aciclovir(Virest) Creams 0G (Others)',3,7,'2021-02-04 08:44:50','2021-02-04 08:44:50'),('Acinil Suspensions 0Mg (Others)',3.5,11,'2021-02-04 08:45:10','2021-02-04 08:45:10'),('Actifed 12S Tabs 0G (Ernest Chemist)',0,0,'2020-12-26 11:00:00','2020-12-26 11:00:00'),('Actifed Dry Cough Syrup 0L (Unicom)',0,0,'2020-11-24 11:10:30','2020-11-24 11:10:30'),('Actifed Multi-Action Dry Syrup 0G (Others)',0,0,'2020-12-25 19:57:48','2020-12-25 19:57:48'),('Actifed Yellow Syrup 0G (Others)',0,0,'2021-01-09 19:00:53','2021-01-09 19:00:53'),('Actilife Multiv Tabs 0G (Osons)',0,0,'2021-01-09 20:14:30','2021-01-09 20:14:30'),('Activated Charcoal Mouth Wash Syrup 0Ml (M&G)',0,0,'2020-12-19 14:06:47','2020-12-19 14:06:47'),('Acypron Plus Syrup Syrup 0Ml (Baseline)',0,0,'2020-11-24 11:35:30','2020-11-24 11:35:30'),('Acypron Plus Tabs Tabs 0Ml (Baseline)',0,0,'2020-11-24 11:36:43','2020-11-24 11:36:43'),('Addyzoa Tabs 0G (Unicom)',0,0,'2020-12-25 13:57:13','2020-12-25 13:57:13'),('Adom Koo Bitters 0G (Others)',0,0,'2020-12-25 14:51:11','2020-12-25 14:51:11'),('Adom Koo Capsule 0G (Others)',0,0,'2020-12-20 17:36:36','2020-12-20 17:36:36'),('Adom Koo Ointments 0G (Others)',0,0,'2020-12-20 17:24:51','2020-12-20 17:24:51'),('Adom P-Away Capsule 0G (Others)',0,0,'2020-12-20 17:29:03','2020-12-20 17:29:03'),('Agbeve Fever Syrup 0G (M&G)',0,0,'2020-12-01 18:20:06','2020-12-01 18:20:06'),('Agbeve Tonic Syrup 0G (M&G)',0,0,'2020-12-01 18:19:35','2020-12-01 18:19:35'),('Alaphoid Mixture 0G (Others)',0,0,'2020-12-20 19:06:53','2020-12-20 19:06:53'),('Albee Suspensions 0G (Others)',0,0,'2020-12-24 20:00:03','2020-12-24 20:00:03'),('Albee Tabs 0G (Others)',0,0,'2020-12-24 19:59:44','2020-12-24 19:59:44'),('Albendazole Suspensions 0G (Others)',0,0,'2020-12-24 20:26:24','2020-12-24 20:26:24'),('Alka Selzer Tabs 0G (Others)',0,0,'2020-12-20 16:38:41','2020-12-20 16:38:41'),('Alpha Garlic Capsule 0G (Unicom)',0,0,'2020-11-24 13:17:46','2020-11-24 13:17:46'),('Amcof Adult Syrup 0G (Baseline)',0,0,'2020-11-24 13:03:30','2020-11-24 13:03:30'),('Amcof Baby Syrup 0Mg (Baseline)',0,0,'2020-11-24 13:02:14','2020-11-24 13:02:14'),('Amcof Jun Syrup 0G (Gb Pharma)',0,0,'2020-11-24 13:02:41','2020-11-24 13:02:41'),('Aminopep Syrup 0Ml (Unicom)',0,0,'2020-11-24 11:24:31','2020-11-24 11:24:31'),('Amitryptyline 25Mg Tabs 0G (Uk)',0,0,'2020-12-25 21:31:50','2020-12-25 21:31:50'),('Amlodipine 10Mg Tabs 0Mg (Teva)',0,0,'2020-12-20 07:33:17','2020-12-20 07:33:17'),('Amlodipine 50Mg Tabs 0Mg (Crescent)',0,0,'2020-12-20 07:34:34','2020-12-20 07:34:34'),('Amlodipine 5Mg Tabs 0Mg (Teva)',0,0,'2020-12-20 07:33:41','2020-12-20 07:33:41'),('Amoksiklav 1G Tabs 1Mg (Others)',0,0,'2020-12-20 05:22:42','2020-12-20 05:22:42'),('Amoksiklav 228 Suspensions 1Ml (Others)',0,0,'2020-12-20 05:12:23','2020-12-20 05:12:23'),('Amoksiklav 457 Suspensions 1Ml (Others)',0,0,'2020-12-20 05:12:58','2020-12-20 05:12:58'),('Amoksiklav 625 Tabs 1Mg (Others)',0,0,'2020-12-20 05:11:49','2020-12-20 05:11:49'),('Amoxicillin Unichem Suspensions 0Mg (Unichem)',0,0,'2020-12-20 05:36:33','2020-12-20 05:36:33'),('Amoxycillin 500Mg Eskay Capsule 1Mg (Eskay)',0,0,'2020-12-20 05:37:37','2020-12-20 05:37:37'),('Amoxycillin 500Mg Uk Capsule 0Mg (Others)',0,0,'2020-12-20 05:37:03','2020-12-20 05:37:03'),('Amoxycillin Letap Capsule 1Others (Letap)',0,0,'2020-12-20 04:53:16','2020-12-20 04:53:16'),('Amoxycillin Susp Ltp Suspensions 1Ml (Letap)',0,0,'2020-12-20 04:55:09','2020-12-20 04:55:09'),('Amoxycillin( Permoxyl) Suspensions 0Ml (Ernest Chemist)',0,0,'2020-12-20 05:35:57','2020-12-20 05:35:57'),('Amoxyl 250Mg Capsule 0G (Eskay)',0,0,'2020-12-25 14:11:53','2020-12-25 14:11:53'),('Amoxyl Luex Suspensions 0G (Unicom)',0,0,'2020-12-25 14:14:36','2020-12-25 14:14:36'),('Ampicillin Letap Capsule 1Others (Letap)',0,0,'2020-12-20 04:52:39','2020-12-20 04:52:39'),('Ampiclox Ecl Capsule 1Mg (Ernest Chemist)',0,0,'2020-12-20 04:59:20','2020-12-20 04:59:20'),('Ampiclox Letap Capsule 1Mg (Letap)',0,0,'2020-12-20 04:58:42','2020-12-20 04:58:42'),('Ampiclox Suspensions 1Ml (Ernest Chemist)',0,0,'2020-12-20 04:59:47','2020-12-20 04:59:47'),('Anafranil Tabs 0G (Others)',0,0,'2020-12-23 18:23:00','2020-12-23 18:23:00'),('Anusol Ointments 0G (Others)',0,0,'2020-12-23 20:04:58','2020-12-23 20:04:58'),('Anusol Supplement 0G (Others)',0,0,'2020-12-23 20:04:41','2020-12-23 20:04:41'),('Apeta Trust Syrup 0G (Baseline)',0,0,'2020-11-24 11:45:07','2020-11-24 11:45:07'),('Apetamin Syrup 0Ml (Unicom)',0,0,'2020-11-24 11:25:38','2020-11-24 11:25:38'),('Apeti Syrup Syrup 0G (Baseline)',0,0,'2020-11-24 11:49:36','2020-11-24 11:49:36'),('Apeti Tabs Tabs 0G (Baseline)',0,0,'2020-11-24 11:50:15','2020-11-24 11:50:15'),('Apflu Syrup 0G (Gb Pharma)',0,0,'2020-11-24 14:07:45','2020-11-24 14:07:45'),('Apple Cider Others 0G (Bragg)',0,0,'2020-12-25 15:37:44','2020-12-25 15:37:44'),('Aptizoon Syrup 0G (Others)',0,0,'2020-12-27 21:48:03','2020-12-27 21:48:03'),('Aquafresh Big Teeth 6+ Paste 0G (Unicom)',0,0,'2020-12-25 17:12:43','2020-12-25 17:12:43'),('Aquafresh Little Teeth 3-5Yrs Paste 0G (Unicom)',0,0,'2020-12-25 17:12:05','2020-12-25 17:12:05'),('Aquafresh Paste 0G (Unicom)',0,0,'2020-12-25 16:19:43','2020-12-25 16:19:43'),('Arfan 24S Tabs 0L (Letap)',0,0,'2020-12-25 10:55:46','2020-12-25 10:55:46'),('Arfan Tabs 0G (Letap)',0,0,'2020-12-25 10:55:02','2020-12-25 10:55:02'),('Ascoron Tonic Syrup 0G (Others)',0,0,'2020-12-27 18:00:17','2020-12-27 18:00:17'),('Asmadrin Tabs 0G (Others)',0,0,'2020-12-26 17:07:05','2020-12-26 17:07:05'),('Asmanol Tabs 0G (Ernest Chemist)',0,0,'2020-12-26 17:07:54','2020-12-26 17:07:54'),('Asnac 100Mg Capsule 0Mg (Ascot)',0,0,'2020-12-20 14:52:55','2020-12-20 14:52:55'),('Asnac 75Mg Capsule 0Mg (Ascot)',0,0,'2020-12-20 14:52:35','2020-12-20 14:52:35'),('Asnac Ointments 0G (Others)',0,0,'2020-12-27 22:14:20','2020-12-27 22:14:20'),('Aspanol All-In-One Syrup 0Ml (Baseline)',0,0,'2020-11-24 11:20:20','2020-11-24 11:20:20'),('Aspanol Baby Sachet 0G (Kinapharma)',0,0,'2020-12-26 20:16:15','2020-12-26 20:16:15'),('Aspanol Baby Syrup 0G (Kinapharma)',0,0,'2020-12-26 20:22:20','2020-12-26 20:22:20'),('Aspanol Dry Syrup 0G (Unichem)',0,0,'2020-11-24 13:44:33','2020-11-24 13:44:33'),('Aspanol Productive Syrup 0L (Pokupharma)',0,0,'2020-12-01 17:17:20','2020-12-01 17:17:20'),('Asthalex Cough Syrup 0G (Unicom)',0,0,'2020-11-24 13:01:44','2020-11-24 13:01:44'),('Astyfer Syrup Syrup 0Ml (Baseline)',0,0,'2020-11-24 11:26:36','2020-11-24 11:26:36'),('Astymin C Drop Syrup 0G (Unicom)',0,0,'2020-11-24 12:29:29','2020-11-24 12:29:29'),('Astymin Syrup Syrup 0Ml (Baseline)',0,0,'2020-11-24 11:27:01','2020-11-24 11:27:01'),('Atenolol 50Mg Tabs 0G (Teva)',0,0,'2020-12-20 07:34:09','2020-12-20 07:34:09'),('Atorvastatin 10Mg Tabs 0G (Teva)',0,0,'2021-01-10 19:51:19','2021-01-10 19:51:19'),('Atorvastatin 20Mg Tabs 0G (Teva)',0,0,'2021-01-10 19:56:16','2021-01-10 19:56:16'),('Augmentin 228 Suspensions 1Ml (Ernest Chemist)',0,0,'2020-12-20 05:10:52','2020-12-20 05:10:52'),('Augmentin 457 Suspensions 1Ml (Ernest Chemist)',0,0,'2020-12-20 05:11:18','2020-12-20 05:11:18'),('Auntie Mary Gripe Water Syrup 0G (Unicom)',0,0,'2020-11-24 12:50:17','2020-11-24 12:50:17'),('Avomine Tabs 0G (Others)',0,0,'2020-12-28 20:15:21','2020-12-28 20:15:21'),('Azilex Capsule 1Mg (Unichem)',0,0,'2020-12-20 05:08:56','2020-12-20 05:08:56'),('Azilex Suspensions 1Ml (Unichem)',0,0,'2020-12-20 05:09:22','2020-12-20 05:09:22'),('Azithromycin Capsule 1Mg (Others)',0,0,'2020-12-20 05:10:13','2020-12-20 05:10:13'),('Azithromycin(Zymax) 250Mg Capsule 0G (Exeter)',0,0,'2021-01-07 17:53:50','2021-01-07 17:53:50'),('Azomax 500Mg Capsule 0G (Others)',0,0,'2020-12-26 10:36:44','2020-12-26 10:36:44'),('B-Co Strong Krka Tabs 0G (Unicom)',0,0,'2020-11-24 13:27:23','2020-11-24 13:27:23'),('B-Co Strong Uk Tabs 0G (Unicom)',0,0,'2020-11-24 13:28:11','2020-11-24 13:28:11'),('B-Co Tabs 0G (Ernest Chemist)',0,0,'2020-12-26 16:59:53','2020-12-26 16:59:53'),('B-Co Tabs 0G (Letap)',0,0,'2020-12-30 20:30:31','2020-12-30 20:30:31'),('Baby Lintus Cough Syrup 0G (Ernest Chemist)',0,0,'2020-12-26 20:07:51','2020-12-26 20:07:51'),('Badruf Creams 0G (Others)',0,0,'2020-12-25 11:11:51','2020-12-25 11:11:51'),('Base Vita Tabs Tabs 0G (Osons)',0,0,'2020-12-01 17:52:33','2020-12-01 17:52:33'),('Basecold Syrup Syrup 0G (Baseline)',0,0,'2020-12-01 16:51:01','2020-12-01 16:51:01'),('Basecold Tabs 0G (Baseline)',0,0,'2021-01-11 21:49:52','2021-01-11 21:49:52'),('Basevita Tabs 0G (Baseline)',0,0,'2020-12-29 19:09:06','2020-12-29 19:09:06'),('Becoatin Syrup 0G (Others)',0,0,'2020-12-25 10:44:18','2020-12-25 10:44:18'),('Becoatin Tabs 0G (Others)',0,0,'2020-12-25 10:44:36','2020-12-25 10:44:36'),('Beehive Syrup 0Ml (Unicom)',0,0,'2020-11-24 11:19:04','2020-11-24 11:19:04'),('Bells Antacid Suspensions 0G (Others)',0,0,'2020-12-20 16:56:11','2020-12-20 16:56:11'),('Bells Baby Cough Syrup 0G (Unicom)',0,0,'2020-11-24 12:52:07','2020-11-24 12:52:07'),('Bells Children Cough Syrup 0G (Baseline)',0,0,'2020-11-24 12:53:05','2020-11-24 12:53:05'),('Bells Cough Spray 0Ml (Unicom)',0,0,'2020-11-24 11:23:59','2020-11-24 11:23:59'),('Bells Olive Oil 0Mg (Others)',0,0,'2020-12-20 16:24:24','2020-12-20 16:24:24'),('Bendro 2.5Mg Tabs 0Mg (Ernest Chemist)',0,0,'2020-12-20 07:35:10','2020-12-20 07:35:10'),('Bendro 2.5Mg Tabs 0Mg (Uk)',0,0,'2020-12-20 07:37:50','2020-12-20 07:37:50'),('Bendro 5Mg Tabs 0G (Ernest Chemist)',0,0,'2020-12-26 16:51:10','2020-12-26 16:51:10'),('Bendro 5Mg Tabs 0Mg (Uk)',0,0,'2020-12-20 07:38:08','2020-12-20 07:38:08'),('Benylin 4 Flu Small Syrup 0G (Baseline)',0,0,'2020-11-24 12:25:34','2020-11-24 12:25:34'),('Benylin Chesty Cough Syrup 0G (Unicom)',0,0,'2020-11-24 12:20:12','2020-11-24 12:20:12'),('Benylin Child Chesty Syrup 0G (Unicom)',0,0,'2021-01-15 19:37:11','2021-01-15 19:37:11'),('Benylin Children Night Cough Syrup 0L (Unicom)',0,0,'2020-11-24 11:12:02','2020-11-24 11:12:02'),('Benylin Dry & Tickly Cough Syrup 0G (Baseline)',0,0,'2020-11-24 12:19:41','2020-11-24 12:19:41'),('Benylin Dry Cough Syrup 0G (Baseline)',0,0,'2020-11-24 12:23:26','2020-11-24 12:23:26'),('Benylin Original Syrup 0G (Uk)',0,0,'2021-01-07 18:05:24','2021-01-07 18:05:24'),('Bestvit Tabs 0G (Others)',0,0,'2020-12-26 14:45:04','2020-12-26 14:45:04'),('Betazol Creams 0G (Shalina)',0,0,'2020-12-23 21:55:26','2020-12-23 21:55:26'),('Betoptic Eye Drop 0G (Others)',0,0,'2020-12-20 07:10:34','2020-12-20 07:10:34'),('Bg-Glutamin Tabs 0G (Tobinco)',0,0,'2020-12-21 21:22:08','2020-12-21 21:22:08'),('Big Ben Tabs 0G (Others)',0,0,'2020-12-23 18:38:45','2020-12-23 18:38:45'),('Bio 60Ml Oil 0G (Unicom)',0,0,'2020-12-25 12:25:00','2020-12-25 12:25:00'),('Bio Oil 0G (Unicom)',0,0,'2020-12-25 12:23:41','2020-12-25 12:23:41'),('Bioferon Capsule 0G (Ernest Chemist)',0,0,'2020-12-25 11:13:08','2020-12-25 11:13:08'),('Bioferon Syrup 0G (Ernest Chemist)',0,0,'2020-12-25 11:13:27','2020-12-25 11:13:27'),('Bisacodyl Tabs 0G (Others)',0,0,'2020-12-26 21:15:21','2020-12-26 21:15:21'),('Biva Plus Syrup Syrup 0G (Baseline)',0,0,'2020-12-01 17:38:15','2020-12-01 17:38:15'),('Biva Plus Tabs Tabs 0G (Baseline)',0,0,'2020-12-01 17:38:44','2020-12-01 17:38:44'),('Blopen Ointments 0G (Tobinco)',0,0,'2020-12-27 15:40:37','2020-12-27 15:40:37'),('Blumoon Tabs 0G (Others)',0,0,'2020-12-23 18:07:46','2020-12-23 18:07:46'),('Bonaplex Syrup Syrup 0G (Kinapharma)',0,0,'2020-11-24 13:38:10','2020-11-24 13:38:10'),('Bonjela Adult Creams 0Others (Unichem)',0,0,'2020-12-19 16:10:50','2020-12-19 16:10:50'),('Bonjela Child Creams 0Others (Unichem)',0,0,'2020-12-19 16:10:21','2020-12-19 16:10:21'),('Bonnisan Syrup 0L (Unichem)',0,0,'2020-11-24 11:14:02','2020-11-24 11:14:02'),('Borges 125Ml Oil 0G (Others)',0,0,'2020-12-20 16:21:26','2020-12-20 16:21:26'),('Borges 250Ml Oil 0L (Others)',0,0,'2020-12-20 16:21:06','2020-12-20 16:21:06'),('Borges 500Ml Oil 0Mg (Others)',0,0,'2020-12-20 16:21:46','2020-12-20 16:21:46'),('Borges Small Oil 0G (Others)',0,0,'2020-12-20 16:20:31','2020-12-20 16:20:31'),('Boric Spirit Drop 0G (Others)',0,0,'2020-12-21 18:27:26','2020-12-21 18:27:26'),('Brenex Syrup 0G (Others)',0,0,'2020-12-26 14:39:21','2020-12-26 14:39:21'),('Broncold Syrup Syrup 0Ml (Unicom)',0,0,'2020-11-24 11:18:36','2020-11-24 11:18:36'),('Brufen 400Mg Tabs 0Mg (Ernest Chemist)',0,0,'2020-12-20 09:25:14','2020-12-20 09:25:14'),('Brufen(Gofex) Tabs 0Mg (Others)',0,0,'2020-12-20 15:19:35','2020-12-20 15:19:35'),('Buscopan Tabs 0Mg (Others)',0,0,'2020-12-20 15:19:57','2020-12-20 15:19:57'),('Cadiphen Syrup Syrup 0G (Baseline)',0,0,'2020-11-24 12:14:58','2020-11-24 12:14:58'),('Calamine Ointments 0G (Others)',0,0,'2020-12-20 17:05:59','2020-12-20 17:05:59'),('Calpol 2+ Syrup 0G (Baseline)',0,0,'2020-11-24 12:27:18','2020-11-24 12:27:18'),('Calpol 6+ Syrup 0G (Uk)',0,0,'2020-12-25 15:39:47','2020-12-25 15:39:47'),('Calprofen Syrup 0G (Unicom)',0,0,'2021-01-15 19:48:53','2021-01-15 19:48:53'),('Camel 125Mg Others 0G (Others)',0,0,'2020-12-22 18:57:30','2020-12-22 18:57:30'),('Camel 250Ml Others 0G (Others)',0,0,'2020-12-22 18:57:48','2020-12-22 18:57:48'),('Canderel 400S Tabs 0G (Unicom)',0,0,'2020-12-25 09:55:48','2020-12-25 09:55:48'),('Candibiotic Drop 0G (Others)',0,0,'2020-12-21 18:20:14','2020-12-21 18:20:14'),('Candid B Creams 0G (Osons)',0,0,'2020-12-23 19:56:37','2020-12-23 19:56:37'),('Candid Creams 0G (Osons)',0,0,'2020-12-23 19:56:17','2020-12-23 19:56:17'),('Candid Lotion 0Others (Unichem)',0,0,'2020-12-19 17:39:29','2020-12-19 17:39:29'),('Candid Mouth Paint 0Others (Unichem)',0,0,'2020-12-19 17:37:53','2020-12-19 17:37:53'),('Candid V1 Pessaries 0G (Others)',0,0,'2020-12-21 21:09:30','2020-12-21 21:09:30'),('Candid V3 Pessaries 0G (Others)',0,0,'2020-12-21 21:09:06','2020-12-21 21:09:06'),('Candid V6 Pessaries 0G (Others)',0,0,'2020-12-21 21:08:45','2020-12-21 21:08:45'),('Candiderm Creams 0G (Others)',0,0,'2020-12-23 19:56:58','2020-12-23 19:56:58'),('Cartef Ds Tabs 0G (Gb)',0,0,'2021-01-15 19:39:52','2021-01-15 19:39:52'),('Castor Oil 0G (Others)',0,0,'2020-12-20 16:23:55','2020-12-20 16:23:55'),('Cataflam Tabs 0Mg (Ernest Chemist)',0,0,'2020-12-20 14:53:20','2020-12-20 14:53:20'),('Cefixime(Enafix) Suspensions 1Ml (Ernest Chemist)',0,0,'2020-12-20 05:08:27','2020-12-20 05:08:27'),('Cefixime(Enafix) Tabs 1Mg (Ernest Chemist)',0,0,'2020-12-20 05:07:48','2020-12-20 05:07:48'),('Ceftriaxone 1G Injection 0G (Others)',0,0,'2020-12-21 21:07:53','2020-12-21 21:07:53'),('Cefuroxime(Enacef) 250Mg Tabs 0G (Ernest Chemist)',0,0,'2020-12-25 15:54:58','2020-12-25 15:54:58'),('Celecoxib Tabs 0Mg (Exeter)',0,0,'2020-12-20 15:24:49','2020-12-20 15:24:49'),('Cetapol Pm Syrup 0G (Others)',0,0,'2020-12-25 15:31:08','2020-12-25 15:31:08'),('Cetapol Syrup Syrup 0G (Gb Pharma)',0,0,'2020-11-24 14:02:30','2020-11-24 14:02:30'),('Cetrizan Syrup 0G (Ernest Chemist)',0,0,'2020-12-25 11:54:53','2020-12-25 11:54:53'),('Cetrizine Tabs 0Mg (Others)',0,0,'2020-12-20 16:10:15','2020-12-20 16:10:15'),('Childcare Cough Night Rest Syrup 0G (Baseline)',0,0,'2020-11-24 13:57:55','2020-11-24 13:57:55'),('Childcare Cough Syrup 0G (Gb Pharma)',0,0,'2020-11-24 13:59:14','2020-11-24 13:59:14'),('Chloram Ear Drop 0L (Others)',0,0,'2020-12-20 07:04:22','2020-12-20 07:04:22'),('Chloram Eye Drop 0Ml (Others)',0,0,'2020-12-20 07:03:58','2020-12-20 07:03:58'),('Chloram Eye Ointments 0G (Others)',0,0,'2020-12-20 07:23:20','2020-12-20 07:23:20'),('Chloramphinicol Capsule 1Mg (Letap)',0,0,'2020-12-20 04:58:10','2020-12-20 04:58:10'),('Chocho Creams 0G (Others)',0,0,'2020-12-25 20:36:03','2020-12-25 20:36:03'),('Chocho Soap 0G (Others)',0,0,'2020-12-25 20:36:22','2020-12-25 20:36:22'),('Cipro Generic Tabs 0G (Unicom)',0,0,'2020-12-29 19:26:28','2020-12-29 19:26:28'),('Cipro Suspensions 0G (Others)',0,0,'2020-12-20 15:39:00','2020-12-20 15:39:00'),('Cipro Suspensions 1Ml (Others)',0,0,'2020-12-20 05:17:50','2020-12-20 05:17:50'),('Ciprolex Drop 0L (Unichem)',0,0,'2020-12-20 07:05:05','2020-12-20 07:05:05'),('Ciprolex Eye Drop 0G (Unichem)',0,0,'2020-12-25 16:11:51','2020-12-25 16:11:51'),('Ciprolex Tabs 1Mg (Unichem)',0,0,'2020-12-20 05:01:49','2020-12-20 05:01:49'),('Ciprolex Tz Tabs 1Mg (Unichem)',0,0,'2020-12-20 05:02:08','2020-12-20 05:02:08'),('Cirotamin Capsule Capsule 0G (Unicom)',0,0,'2020-11-24 13:32:15','2020-11-24 13:32:15'),('Cirotamin Syrup Syrup 0G (Unicom)',0,0,'2020-11-24 13:31:54','2020-11-24 13:31:54'),('Cirotamin Syrup Syrup 0Ml (Unicom)',0,0,'2020-11-24 13:31:14','2020-11-24 13:31:14'),('Citro C Tabs 0G (Others)',0,0,'2020-12-24 22:27:50','2020-12-24 22:27:50'),('Clamide Tabs 0G (Hovid)',0,0,'2021-01-07 17:52:56','2021-01-07 17:52:56'),('Clarythromycin Tabs 1Mg (Others)',0,0,'2020-12-20 05:17:30','2020-12-20 05:17:30'),('Clavulin 228 Suspensions 1Ml (Unichem)',0,0,'2020-12-20 05:23:05','2020-12-20 05:23:05'),('Clavulin 625 Tabs 1Mg (Unichem)',0,0,'2020-12-20 05:23:24','2020-12-20 05:23:24'),('Cleasing Charcoal Paste 0G (Others)',0,0,'2020-12-26 20:56:41','2020-12-26 20:56:41'),('Clindamycin 150Mg Capsule 1Mg (Others)',0,0,'2020-12-20 05:16:35','2020-12-20 05:16:35'),('Clindamycin 300Mg Tabs 1Mg (Others)',0,0,'2020-12-20 05:17:07','2020-12-20 05:17:07'),('Clindamycin(Tidact) Creams 0G (Others)',0,0,'2020-12-28 13:10:31','2020-12-28 13:10:31'),('Clodol Ointments 0G (Eskay)',0,0,'2020-12-27 15:39:17','2020-12-27 15:39:17'),('Clomid Tabs 0Others (Unichem)',0,0,'2020-12-19 17:39:45','2020-12-19 17:39:45'),('Clopidogrel 75Mg Tabs 0G (Others)',0,0,'2020-12-25 14:42:48','2020-12-25 14:42:48'),('Clotri Denk Creams 0G (Others)',0,0,'2020-12-23 20:06:38','2020-12-23 20:06:38'),('Clotri Denk Pessaries 0G (Denk)',0,0,'2020-12-23 20:06:14','2020-12-23 20:06:14'),('Clotri-Denk Pessaries 0G (Denk)',0,0,'2020-12-21 21:20:04','2020-12-21 21:20:04'),('Coartem 12S Tabs 0Mg (Unichem)',0,0,'2020-12-20 08:05:15','2020-12-20 08:05:15'),('Coartem 18S Tabs 0G (Unicom)',0,0,'2020-12-20 08:05:44','2020-12-20 08:05:44'),('Coartem Adult Tabs 0Mg (Unichem)',0,0,'2020-12-20 08:04:52','2020-12-20 08:04:52'),('Cod Liver Capsule Capsule 0G (Osons)',0,0,'2020-12-01 17:37:40','2020-12-01 17:37:40'),('Cod Liver Capsule Capsule 0G (Unicom)',0,0,'2020-11-24 13:30:44','2020-11-24 13:30:44'),('Cold Naso Drop 0G (Others)',0,0,'2020-12-21 18:27:10','2020-12-21 18:27:10'),('Cold Naso Drop 0Mg (Others)',0,0,'2020-12-23 18:01:47','2020-12-23 18:01:47'),('Coldcare Syrup Syrup 0G (Unichem)',0,0,'2020-12-01 16:54:19','2020-12-01 16:54:19'),('Coldiron Syrup Syrup 0G (Osons)',0,0,'2020-12-01 16:52:57','2020-12-01 16:52:57'),('Coldrilif Capsule 0G (Tobinco)',0,0,'2020-12-01 16:55:15','2020-12-01 16:55:15'),('Coldrilif Syrup Syrup 0G (Unichem)',0,0,'2020-12-01 16:54:44','2020-12-01 16:54:44'),('Colgate Herbal Paint 0G (Others)',0,0,'2020-12-25 20:13:51','2020-12-25 20:13:51'),('Colgate Herbal Paste 0G (Unichem)',0,0,'2020-12-25 20:16:35','2020-12-25 20:16:35'),('Colgate Mouth Wash Syrup 0Ml (Ernest Chemist)',0,0,'2020-12-19 14:07:25','2020-12-19 14:07:25'),('Combantrim Tabs 0G (Ernest Chemist)',0,0,'2020-12-24 20:09:32','2020-12-24 20:09:32'),('Combat-N Creams 0G (Others)',0,0,'2020-12-23 19:59:58','2020-12-23 19:59:58'),('Comit 50 Tabs 0G (Tobinco)',0,0,'2020-12-23 18:44:51','2020-12-23 18:44:51'),('Congestyl Syrup Syrup 0G (Unichem)',0,0,'2020-12-01 16:53:50','2020-12-01 16:53:50'),('Congestyl Tabs 0Mg (Others)',0,0,'2020-12-20 15:48:14','2020-12-20 15:48:14'),('Congestyl Tabs Tabs 0G (Unichem)',0,0,'2020-12-01 16:53:24','2020-12-01 16:53:24'),('Cool Eye Drop 0G (Others)',0,0,'2020-12-20 07:08:43','2020-12-20 07:08:43'),('Cororange Capsule Capsule 0G (Unicom)',0,0,'2020-11-24 13:35:12','2020-11-24 13:35:12'),('Cororange Drop Drops 0G (Unicom)',0,0,'2020-11-24 12:28:20','2020-11-24 12:28:20'),('Cororange Syrup Syrup 0G (Kinapharma)',0,0,'2020-11-24 13:34:51','2020-11-24 13:34:51'),('Cotton 100G Others 0G (Others)',0,0,'2020-12-26 14:24:01','2020-12-26 14:24:01'),('Cotton 200G Others 0G (Others)',0,0,'2020-12-26 14:24:23','2020-12-26 14:24:23'),('Cotton 500G Others 0G (Others)',0,0,'2020-12-26 14:24:41','2020-12-26 14:24:41'),('Cotton 50G Others 0G (Others)',0,0,'2020-12-26 14:23:40','2020-12-26 14:23:40'),('Cotton Big Bud 0G (Others)',0,0,'2021-01-02 16:45:00','2021-01-02 16:45:00'),('Cotton Small Bud 0L (Others)',0,0,'2021-01-02 16:44:31','2021-01-02 16:44:31'),('Covonia Chesty Cough Syrup 0L (Unicom)',0,0,'2020-11-24 11:09:17','2020-11-24 11:09:17'),('Covonia Dry Tickly Cough Syrup 0L (Unicom)',0,0,'2020-11-24 11:08:26','2020-11-24 11:08:26'),('Covonia Vapour Drop 0G (Unicom)',0,0,'2020-12-25 18:57:04','2020-12-25 18:57:04'),('Cox B Tabs 0Mg (Others)',0,0,'2020-12-20 15:23:59','2020-12-20 15:23:59'),('Crepe 3Inche Bandage 0G (Others)',0,0,'2020-12-26 12:20:54','2020-12-26 12:20:54'),('Crepe 6Inch Bandage 0G (Others)',0,0,'2020-12-26 11:12:28','2020-12-26 11:12:28'),('Cromax 2 Drop 0G (Others)',0,0,'2020-12-20 19:25:36','2020-12-20 19:25:36'),('Cusimolol Eye Drop 0G (Others)',0,0,'2020-12-20 07:10:02','2020-12-20 07:10:02'),('Cyfen Syrup Syrup 0G (Letap)',0,0,'2020-12-01 17:40:29','2020-12-01 17:40:29'),('Cyfen Tabs Tabs 0G (Osons)',0,0,'2020-12-01 17:39:52','2020-12-01 17:39:52'),('Cypep Syrup Syrup 0G (Unicom)',0,0,'2020-11-24 13:10:50','2020-11-24 13:10:50'),('Cyprodine Capsule 0G (Ernest Chemist)',0,0,'2020-12-25 10:30:43','2020-12-25 10:30:43'),('Cyprodine Syrup 0Mg (Ernest Chemist)',0,0,'2020-12-25 10:33:02','2020-12-25 10:33:02'),('Cyprovita Syrup Syrup 0G (Unicom)',0,0,'2020-11-24 13:15:17','2020-11-24 13:15:17'),('Cyprovita Tabs Syrup 0G (Unicom)',0,0,'2020-11-24 13:15:39','2020-11-24 13:15:39'),('Daktacort Creams 0G (Ernest Chemist)',0,0,'2020-12-25 12:59:22','2020-12-25 12:59:22'),('Daktarin Creams 0G (Osons)',0,0,'2020-12-28 12:54:44','2020-12-28 12:54:44'),('Danegan Syrup Syrup 1Ml (Ernest Chemist)',0,0,'2020-12-19 08:55:29','2020-12-19 08:55:29'),('Danrub Ointments 0G (Others)',0,0,'2020-12-20 17:05:39','2020-12-20 17:05:39'),('Daravit Syrup 0G (Others)',0,0,'2020-12-27 21:53:51','2020-12-27 21:53:51'),('Daravit Syrup Syrup 0L (Baseline)',0,0,'2020-11-24 11:44:41','2020-11-24 11:44:41'),('Day Nurse Capsule 0Mg (Unicom)',0,0,'2020-12-20 15:44:11','2020-12-20 15:44:11'),('Day Nurse Syrup Syrup 0G (Baseline)',0,0,'2020-11-24 12:17:08','2020-11-24 12:17:08'),('Decatlen Lozenges 0Mg (Unichem)',0,0,'2020-12-20 15:47:56','2020-12-20 15:47:56'),('Deep Heat Medium Ointments 0G (Unicom)',0,0,'2020-12-28 12:44:37','2020-12-28 12:44:37'),('Deep Heat Ointments 0Mg (Unicom)',0,0,'2020-12-20 09:30:50','2020-12-20 09:30:50'),('Deep Heat Small Ointments 0Mg (Unicom)',0,0,'2020-12-20 09:31:20','2020-12-20 09:31:20'),('Demacot Creams 0G (Osons)',0,0,'2020-12-23 19:57:21','2020-12-23 19:57:21'),('Dermiron Plus Creams 0G (Baseline)',0,0,'2020-12-30 19:49:20','2020-12-30 19:49:20'),('Dettol 125Ml Others 0G (Others)',0,0,'2020-12-22 18:32:02','2020-12-22 18:32:02'),('Dettol 250Ml Others 0G (Others)',0,0,'2020-12-22 18:32:27','2020-12-22 18:32:27'),('Deworm 500 Tabs 0G (Ernest Chemist)',0,0,'2020-12-24 20:23:44','2020-12-24 20:23:44'),('Dexacortin Tabs 0G (Letap)',0,0,'2020-12-21 18:36:58','2020-12-21 18:36:58'),('Dexatrol Eye Drop 0G (Others)',0,0,'2020-12-21 21:59:19','2020-12-21 21:59:19'),('Dexatrol Eye Ointments 0G (Others)',0,0,'2020-12-21 21:59:35','2020-12-21 21:59:35'),('Dexorange Syrup Syrup 0Mg (Baseline)',0,0,'2020-11-24 11:46:45','2020-11-24 11:46:45'),('Diagellates 125Ml Syrup 0G (Others)',0,0,'2020-12-20 16:36:36','2020-12-20 16:36:36'),('Diagellates 250Ml Syrup 0G (Others)',0,0,'2020-12-20 16:37:02','2020-12-20 16:37:02'),('Diazepam 10Mg Tabs 0G (Others)',0,0,'2020-12-26 21:02:23','2020-12-26 21:02:23'),('Diazepam 5Mg Tabs 0G (Others)',0,0,'2020-12-26 21:02:44','2020-12-26 21:02:44'),('Diazepam Tabs 0G (Ernest Chemist)',0,0,'2020-12-25 10:38:23','2020-12-25 10:38:23'),('Diclo Denk 100Mg Tabs 0Mg (Ernest Chemist)',0,0,'2020-12-20 09:21:14','2020-12-20 09:21:14'),('Diclo Denk 50Mg Tabs 0Mg (Ernest Chemist)',0,0,'2020-12-20 09:20:50','2020-12-20 09:20:50'),('Diclo Denk Supplement 0G (Denk)',0,0,'2020-12-26 12:37:23','2020-12-26 12:37:23'),('Diclokin Tr Capsule 0G (Kinapharma)',0,0,'2020-12-24 19:52:36','2020-12-24 19:52:36'),('Diclolex 100Mg Tabs 0Mg (Unichem)',0,0,'2020-12-20 09:29:08','2020-12-20 09:29:08'),('Diclolex 50Mg Tabs 0Mg (Unichem)',0,0,'2020-12-20 09:29:32','2020-12-20 09:29:32'),('Diclolex Gel 0Mg (Unichem)',0,0,'2020-12-20 09:29:52','2020-12-20 09:29:52'),('Dihydrocodeine( Df 118) Tabs 0Mg (Uk)',0,0,'2020-12-20 15:19:04','2020-12-20 15:19:04'),('Dipex Capsule 0G (Others)',0,0,'2020-12-24 19:29:46','2020-12-24 19:29:46'),('Dithranol Ointments 0G (Others)',0,0,'2020-12-20 17:06:30','2020-12-20 17:06:30'),('Dolobak Tabs 0Mg (Kinapharma)',0,0,'2020-12-20 09:24:26','2020-12-20 09:24:26'),('Doloplus Tabs 0Mg (Eskay)',0,0,'2020-12-20 09:46:07','2020-12-20 09:46:07'),('Dolotab Tabs 0Mg (Eskay)',0,0,'2020-12-20 09:46:23','2020-12-20 09:46:23'),('Domi 10 Supplement 0G (Tobinco)',0,0,'2020-12-21 19:55:12','2020-12-21 19:55:12'),('Domi 30Mg Supplement 0G (Tobinco)',0,0,'2020-12-21 20:00:23','2020-12-21 20:00:23'),('Doreta Tabs 0Mg (Unichem)',0,0,'2020-12-20 09:23:06','2020-12-20 09:23:06'),('Dove Deo Spray 0G (Others)',0,0,'2020-12-26 17:58:42','2020-12-26 17:58:42'),('Dove Men Roll-On 0G (Others)',0,0,'2020-12-26 18:22:20','2020-12-26 18:22:20'),('Dove Women Roll-On 0G (Others)',0,0,'2020-12-26 18:22:37','2020-12-26 18:22:37'),('Doxy Capsule 0G (Ernest Chemist)',0,0,'2020-12-26 14:43:18','2020-12-26 14:43:18'),('Dragon Capsule 0G (Others)',0,0,'2020-12-23 18:08:20','2020-12-23 18:08:20'),('Dragon Spray 0G (Others)',0,0,'2020-12-23 18:08:03','2020-12-23 18:08:03'),('Drez Big Ointments 0G (M&G)',0,0,'2020-12-23 19:59:13','2020-12-23 19:59:13'),('Drez Powder Powder 0Others (M&G)',0,0,'2020-12-19 17:29:35','2020-12-19 17:29:35'),('Drez Small Ointments 0G (M&G)',0,0,'2020-12-23 19:58:51','2020-12-23 19:58:51'),('Drez Solution Big Syrup 0Ml (M&G)',0,0,'2020-12-19 14:05:06','2020-12-19 14:05:06'),('Drez Solution Small Solution 0Others (M&G)',0,0,'2020-12-19 17:29:19','2020-12-19 17:29:19'),('Dumocalcium Tabs 0G (Dannex)',0,0,'2020-12-25 16:10:23','2020-12-25 16:10:23'),('Durex Condom 0G (Others)',0,0,'2020-12-23 18:26:37','2020-12-23 18:26:37'),('Durol 200Ml Syrup 0G (Dannex)',0,0,'2020-12-25 13:47:03','2020-12-25 13:47:03'),('Durol 330Ml Syrup 0G (Dannex)',0,0,'2021-01-17 17:12:33','2021-01-17 17:12:33'),('Dymol Tabs 0Mg (Unichem)',0,0,'2020-12-20 08:44:13','2020-12-20 08:44:13'),('Dynewell Syrup Syrup 0G (Letap)',0,0,'2020-11-24 13:33:53','2020-11-24 13:33:53'),('Dynewell Tabs Tabs 0G (Letap)',0,0,'2020-11-24 13:34:17','2020-11-24 13:34:17'),('E-Panol Syrup Spray 0G (Gb Pharma)',0,0,'2020-11-24 14:03:00','2020-11-24 14:03:00'),('Ear Bug Big Others 0G (Others)',0,0,'2020-12-26 21:05:24','2020-12-26 21:05:24'),('Ear Bug Small Others 0G (Others)',0,0,'2020-12-26 21:05:04','2020-12-26 21:05:04'),('Efpac Syrup Syrup 0G (Unichem)',0,0,'2020-12-01 16:56:00','2020-12-01 16:56:00'),('Efpac Tabs Tabs 0G (Unichem)',0,0,'2020-12-01 16:55:36','2020-12-01 16:55:36'),('Ekuro Bewu Creams 0G (Others)',0,0,'2020-12-20 17:08:30','2020-12-20 17:08:30'),('Emgikof D Syrup 0Mg (Baseline)',0,0,'2020-11-24 11:55:33','2020-11-24 11:55:33'),('Enacef Suspensions 1Ml (Ernest Chemist)',0,0,'2020-12-20 05:05:13','2020-12-20 05:05:13'),('Enafen Syrup Syrup 0G (Unicom)',0,0,'2020-11-24 14:06:24','2020-11-24 14:06:24'),('Ephedrine Nasal Adult Drop 0G (Others)',0,0,'2020-12-21 18:28:07','2020-12-21 18:28:07'),('Ephedrine Nasal Drop 0G (Others)',0,0,'2020-12-21 18:28:32','2020-12-21 18:28:32'),('Epiciprim Eye Drop 0G (Others)',0,0,'2020-12-20 07:06:22','2020-12-20 07:06:22'),('Epiciprim Eye Ointments 0G (Others)',0,0,'2020-12-20 07:07:00','2020-12-20 07:07:00'),('Epicrom 2% Drop 0G (Others)',0,0,'2020-12-20 19:25:54','2020-12-20 19:25:54'),('Epicrom 4% Drop 0G (Others)',0,0,'2020-12-20 19:26:19','2020-12-20 19:26:19'),('Epiderm Big Creams 0G (Shalina)',0,0,'2020-12-23 19:55:15','2020-12-23 19:55:15'),('Epiderm Small Creams 0L (Shalina)',0,0,'2020-12-23 19:54:46','2020-12-23 19:54:46'),('Epifenac Eye Drop 0G (Others)',0,0,'2020-12-25 16:15:20','2020-12-25 16:15:20'),('Epifenac Eye Ointments 0G (Others)',0,0,'2020-12-25 16:17:31','2020-12-25 16:17:31'),('Eskadol Night Tabs 0Mg (Eskay)',0,0,'2020-12-20 16:02:41','2020-12-20 16:02:41'),('Eskaron Capsule Capsule 0G (Osons)',0,0,'2020-12-01 17:52:02','2020-12-01 17:52:02'),('Eskaron Syrup Syrup 0G (Pokupharma)',0,0,'2020-12-01 17:51:45','2020-12-01 17:51:45'),('Eskazole Creams 0Mg (Others)',0,0,'2020-12-23 20:22:33','2020-12-23 20:22:33'),('Essential Big Oil 0Mg (Others)',0,0,'2020-12-20 17:13:17','2020-12-20 17:13:17'),('Essential Medium Oil 0G (Others)',0,0,'2020-12-20 17:12:57','2020-12-20 17:12:57'),('Essential Small Oil 0Mg (Others)',0,0,'2020-12-20 17:11:15','2020-12-20 17:11:15'),('Etisala Capsule Capsule 0G (Baseline)',0,0,'2020-11-24 11:54:20','2020-11-24 11:54:20'),('Etisala Syrup Syrup 0G (Baseline)',0,0,'2020-11-24 11:52:57','2020-11-24 11:52:57'),('Eusol Solution 0Others (Letap)',0,0,'2020-12-19 18:17:12','2020-12-19 18:17:12'),('Euthymol Paste 0G (Others)',0,0,'2020-12-25 15:21:04','2020-12-25 15:21:04'),('Evecare Syrup 0Others (Unichem)',0,0,'2020-12-19 17:30:47','2020-12-19 17:30:47'),('Evecare Tabs 0G (Others)',0,0,'2020-12-25 19:56:08','2020-12-25 19:56:08'),('Evecare Tabs 0Others (Unichem)',0,0,'2020-12-19 17:35:58','2020-12-19 17:35:58'),('Exevin Nasal Adult Drop 0G (Others)',0,0,'2020-12-21 18:20:57','2020-12-21 18:20:57'),('Exevin Nasal Child Drop 0G (Others)',0,0,'2020-12-21 18:21:17','2020-12-21 18:21:17'),('Ezipen Tabs 0Mg (M&G)',0,0,'2020-12-20 14:53:59','2020-12-20 14:53:59'),('F.A.C Mixture 0G (Others)',0,0,'2020-12-22 18:59:20','2020-12-22 18:59:20'),('Face Mask Others 0G (Others)',0,0,'2020-12-26 21:16:47','2020-12-26 21:16:47'),('Famacold Syrup Syrup 0G (Gb Pharma)',0,0,'2020-12-01 16:56:30','2020-12-01 16:56:30'),('Famacold Tabs Tabs 0G (Letap)',0,0,'2020-12-01 16:56:54','2020-12-01 16:56:54'),('Fastmelt Sachet 0G (Kinapharma)',0,0,'2020-12-26 15:34:52','2020-12-26 15:34:52'),('Fenamol Tabs 0G (Others)',0,0,'2020-12-20 16:11:07','2020-12-20 16:11:07'),('Fenbase Tabs 0G (Others)',0,0,'2021-01-07 18:00:36','2021-01-07 18:00:36'),('Feroclear Syrup Big Syrup 0G (Baseline)',0,0,'2020-11-24 13:39:00','2020-11-24 13:39:00'),('Feroclear Syrup Small Syrup 0G (Baseline)',0,0,'2020-11-24 13:39:34','2020-11-24 13:39:34'),('Feroclear Tabs Tabs 0G (Baseline)',0,0,'2020-11-24 13:39:55','2020-11-24 13:39:55'),('Feroddex Syrup 0G (Arytons)',0,0,'2020-12-25 16:02:01','2020-12-25 16:02:01'),('Ferofix Capsule Capsule 0G (Letap)',0,0,'2020-12-01 17:41:54','2020-12-01 17:41:54'),('Ferofix Syrup Syrup 0G (Osons)',0,0,'2020-12-01 17:41:10','2020-12-01 17:41:10'),('Feroglobin Capsule 0G (Ernest Chemist)',0,0,'2020-12-27 16:43:34','2020-12-27 16:43:34'),('Feroglobin Syrup 0G (Ernest Chemist)',0,0,'2020-12-25 20:44:08','2020-12-25 20:44:08'),('Ferrodex Syrup Syrup 0G (Unicom)',0,0,'2020-11-24 13:30:16','2020-11-24 13:30:16'),('Fersolate Tabs Tabs 0G (Unicom)',0,0,'2020-11-24 13:26:37','2020-11-24 13:26:37'),('Fersolate Tabs Uk 28S Syrup 0G (Unicom)',0,0,'2020-11-24 13:26:12','2020-11-24 13:26:12'),('Ferup Syrup Syrup 0Ml (Baseline)',0,0,'2020-11-24 11:37:21','2020-11-24 11:37:21'),('Fiderol Syrup Syrup 0G (Unicom)',0,0,'2020-11-24 13:36:05','2020-11-24 13:36:05'),('Fiesta Condom 0G (Others)',0,0,'2020-12-23 18:22:45','2020-12-23 18:22:45'),('Finelife Big Syrup 0G (Kinapharma)',0,0,'2020-11-24 13:25:31','2020-11-24 13:25:31'),('Finelife Small Syrup 0G (Baseline)',0,0,'2020-11-24 13:24:19','2020-11-24 13:24:19'),('Fishermens Friend Lozenges 0Mg (Unichem)',0,0,'2020-12-20 15:46:10','2020-12-20 15:46:10'),('Fit One Condom 0G (Others)',0,0,'2020-12-23 18:39:53','2020-12-23 18:39:53'),('Flagentyl Tabs 0G (Unichem)',0,0,'2020-12-21 21:14:50','2020-12-21 21:14:50'),('Flagyl 200Mg Tabs 0G (Eskay)',0,0,'2020-12-25 17:33:27','2020-12-25 17:33:27'),('Flagyl Eskay Tabs 1Mg (Eskay)',0,0,'2020-12-20 04:57:21','2020-12-20 04:57:21'),('Flagyl Ltp Tabs 1Mg (Letap)',0,0,'2020-12-20 04:55:50','2020-12-20 04:55:50'),('Flagyl Tabs 0G (Letap)',0,0,'2021-01-14 19:05:46','2021-01-14 19:05:46'),('Flagyl(Metagyl) Suspensions 0G (Ernest Chemist)',0,0,'2020-12-25 21:39:03','2020-12-25 21:39:03'),('Flarex Eye Drop 0G (Others)',0,0,'2020-12-20 07:07:41','2020-12-20 07:07:41'),('Flemex Adult Syrup 0G (Baseline)',0,0,'2020-11-24 13:56:04','2020-11-24 13:56:04'),('Flemex Adult Syrup 0G (Unichem)',0,0,'2020-12-01 16:58:25','2020-12-01 16:58:25'),('Flemex Jun Syrup 0G (Baseline)',0,0,'2020-11-24 13:55:09','2020-11-24 13:55:09'),('Flemex Jun Syrup 0G (Unichem)',0,0,'2020-12-01 16:57:42','2020-12-01 16:57:42'),('Floradish Syrup 0G (Unicom)',0,0,'2020-12-26 12:49:32','2020-12-26 12:49:32'),('Flucloxa Gr Capsule 0Mg (Gr)',0,0,'2020-12-20 06:58:51','2020-12-20 06:58:51'),('Flucloxa Ltp Capsule 0Mg (Letap)',0,0,'2020-12-20 06:57:23','2020-12-20 06:57:23'),('Flucloxa Ltp Suspensions 0Mg (Letap)',0,0,'2020-12-20 06:57:47','2020-12-20 06:57:47'),('Flucloxa Uk 21 Capsule 0Mg (Others)',0,0,'2020-12-20 06:58:20','2020-12-20 06:58:20'),('Fluconazole 200Mg Capsule 0G (Others)',0,0,'2020-12-21 21:53:18','2020-12-21 21:53:18'),('Fluconazole(Gv Fluc) 150Mg Capsule 0G (Tobinco)',0,0,'2020-12-21 21:11:31','2020-12-21 21:11:31'),('Fluconazole(Mycostat) 150Mg Capsule 0G (Unichem)',0,0,'2020-12-21 21:11:03','2020-12-21 21:11:03'),('Fluconazole(Neflucon) Capsule 0G (Ernest Chemist)',0,0,'2020-12-30 19:48:59','2020-12-30 19:48:59'),('Fluconazole(Stagyl) Tabs 0G (Others)',0,0,'2020-12-21 21:50:46','2020-12-21 21:50:46'),('Fluconazole(Teva) 150Mg Capsule 0G (Uk)',0,0,'2020-12-21 21:11:58','2020-12-21 21:11:58'),('Flucor Day Capsule 0Mg (Others)',0,0,'2020-12-20 15:44:31','2020-12-20 15:44:31'),('Flucor Night Capsule 0Mg (Others)',0,0,'2020-12-20 15:44:49','2020-12-20 15:44:49'),('Flurest Tabs 0G (Unichem)',0,0,'2020-12-20 15:55:58','2020-12-20 15:55:58'),('Fluxacin Suspensions 0Mg (Ernest Chemist)',0,0,'2020-12-20 06:53:09','2020-12-20 06:53:09'),('Fluxamox Capsule 0Mg (Ernest Chemist)',0,0,'2020-12-20 06:51:36','2020-12-20 06:51:36'),('Fluxamox Suspensions 0Ml (Unichem)',0,0,'2020-12-20 06:52:00','2020-12-20 06:52:00'),('Folic Acid 28S Tabs 0G (Unicom)',0,0,'2020-11-24 13:11:49','2020-11-24 13:11:49'),('Folic Acid 30S Tabs 0G (Valupak)',0,0,'2020-12-25 09:59:06','2020-12-25 09:59:06'),('Folic Acid 60S Tabs 0G (Uk)',0,0,'2020-12-25 09:59:35','2020-12-25 09:59:35'),('Folic Acid 90S Tabs 0G (Valupak)',0,0,'2021-01-11 20:05:09','2021-01-11 20:05:09'),('Folic Acid Syr(Macrofolin) Syrup 0Ml (Letap)',0,0,'2020-12-24 22:51:44','2020-12-24 22:51:44'),('Folic Acid Tabs 0G (Ernest Chemist)',0,0,'2020-12-25 11:43:30','2020-12-25 11:43:30'),('Folic Acid Valupak Tabs 0G (Unicom)',0,0,'2020-11-24 13:11:25','2020-11-24 13:11:25'),('Foligrow Capsule 0G (Tobinco)',0,0,'2020-12-25 21:15:42','2020-12-25 21:15:42'),('Foligrow Syrup 0G (Tobinco)',0,0,'2020-12-25 21:15:15','2020-12-25 21:15:15'),('Foliron Capsule 0G (Letap)',0,0,'2020-12-24 23:00:51','2020-12-24 23:00:51'),('Foliron Syrup 0G (Letap)',0,0,'2020-12-24 23:00:31','2020-12-24 23:00:31'),('Foxitil 250Mg Tabs 1Mg (Others)',0,0,'2020-12-20 05:06:38','2020-12-20 05:06:38'),('Foxitil 500Mg Tabs 1Mg (Others)',0,0,'2020-12-20 05:07:01','2020-12-20 05:07:01'),('Franko Mixture 0G (Others)',0,0,'2020-12-20 19:07:08','2020-12-20 19:07:08'),('Fresh Lady Capsule 0G (Others)',0,0,'2020-12-20 19:07:41','2020-12-20 19:07:41'),('Fresh Man Capsule 0G (Others)',0,0,'2020-12-20 19:07:23','2020-12-20 19:07:23'),('Frusemide Tabs 0G (Letap)',0,0,'2020-12-20 07:40:09','2020-12-20 07:40:09'),('Fulcin 125Mg Tabs 1Mg (Letap)',0,0,'2020-12-20 05:14:28','2020-12-20 05:14:28'),('Fulcin 500 Tabs 1Mg (Letap)',0,0,'2020-12-20 05:14:52','2020-12-20 05:14:52'),('Fulcin Imported Suspensions 1Ml (Osons)',0,0,'2020-12-20 05:14:07','2020-12-20 05:14:07'),('Fulcin Local Suspensions 1Ml (Others)',0,0,'2020-12-20 05:13:39','2020-12-20 05:13:39'),('Fumet Suspensions 1Ml (Eskay)',0,0,'2020-12-20 05:00:18','2020-12-20 05:00:18'),('Funbat Creams 0G (Tobinco)',0,0,'2020-12-26 15:10:00','2020-12-26 15:10:00'),('Gacet 125Mg Supplement 0G (Tobinco)',0,0,'2020-12-21 19:52:55','2020-12-21 19:52:55'),('Gacet 250Mg Supplement 0G (Tobinco)',0,0,'2020-12-21 19:53:26','2020-12-21 19:53:26'),('Gana Balm 0G (Others)',0,0,'2021-01-07 18:08:44','2021-01-07 18:08:44'),('Gastracid Suspensions 0L (Gb)',0,0,'2020-12-20 10:01:54','2020-12-20 10:01:54'),('Gastrone Suspensions 0L (Ernest Chemist)',0,0,'2020-12-20 10:01:18','2020-12-20 10:01:18'),('Gauze 3 Inches Bandage 0G (Others)',0,0,'2021-01-02 19:15:41','2021-01-02 19:15:41'),('Gauze 4Inches Bandage 0G (Others)',0,0,'2021-01-02 19:17:43','2021-01-02 19:17:43'),('Gauze 6Inches Bandage 0G (Osons)',0,0,'2021-01-02 19:18:21','2021-01-02 19:18:21'),('Gbedemah Bitters 0G (Others)',0,0,'2020-12-25 10:48:37','2020-12-25 10:48:37'),('Gebedol Extra Tabs 0Mg (Gb)',0,0,'2020-12-20 09:48:22','2020-12-20 09:48:22'),('Gebedol Forte Tabs 0Mg (Gb)',0,0,'2020-12-20 09:48:02','2020-12-20 09:48:02'),('Gebedol Plus Tabs 0G (Gb)',0,0,'2020-12-25 12:20:36','2020-12-25 12:20:36'),('Gebedol Plus Tabs 0Mg (Gb)',0,0,'2020-12-20 09:48:41','2020-12-20 09:48:41'),('Gebedol Tabs 0Mg (Gb)',0,0,'2020-12-20 09:47:38','2020-12-20 09:47:38'),('Gebefluc 150Mg Capsule 0G (Gb)',0,0,'2021-01-05 21:38:18','2021-01-05 21:38:18'),('Genta Drop 0L (Others)',0,0,'2020-12-20 07:04:46','2020-12-20 07:04:46'),('Gifas Mixture 0G (Others)',0,0,'2020-12-20 19:06:07','2020-12-20 19:06:07'),('Ginsomin Capsule 0G (Others)',0,0,'2020-12-26 15:08:42','2020-12-26 15:08:42'),('Givers Koo Capsule 0G (Others)',0,0,'2020-12-20 17:37:13','2020-12-20 17:37:13'),('Givers P Capsule 0G (Others)',0,0,'2020-12-20 17:36:54','2020-12-20 17:36:54'),('Glibenil Tabs 0Mg (Ernest Chemist)',0,0,'2020-12-20 07:30:05','2020-12-20 07:30:05'),('Glibetics Tabs 0Mg (Kinapharma)',0,0,'2020-12-20 07:30:30','2020-12-20 07:30:30'),('Glimepiride 4Mg( Glimer) Tabs 0Mg (Others)',0,0,'2020-12-20 07:32:53','2020-12-20 07:32:53'),('Glo Power Capsule Capsule 0Mg (Baseline)',0,0,'2020-11-24 11:28:33','2020-11-24 11:28:33'),('Glo Power Syrup Syrup 0Ml (Baseline)',0,0,'2020-11-24 11:27:46','2020-11-24 11:27:46'),('Gloves Others 0G (Others)',0,0,'2020-12-26 21:20:37','2020-12-26 21:20:37'),('Glucosamine & Chondroitin Tabs 0Others (Unichem)',0,0,'2020-12-19 16:23:12','2020-12-19 16:23:12'),('Glucose Powder 0G (Ernest Chemist)',0,0,'2020-12-20 17:25:36','2020-12-20 17:25:36'),('Glycerine Big Oil 0G (Others)',0,0,'2020-12-20 16:23:34','2020-12-20 16:23:34'),('Glycerine Small Oil 0Mg (Others)',0,0,'2020-12-20 16:23:18','2020-12-20 16:23:18'),('Go Cough Syrup 0G (Unicom)',0,0,'2020-11-24 13:05:34','2020-11-24 13:05:34'),('Gogynax Creams 0G (Others)',0,0,'2020-12-23 20:03:30','2020-12-23 20:03:30'),('Goldy Suspensions 0Mg (Others)',0,0,'2020-12-20 08:09:10','2020-12-20 08:09:10'),('Green Tea Tea 1Others (21St Century)',0,0,'2020-11-24 11:06:40','2020-11-24 11:06:40'),('Gudapet Syrup Syrup 0Ml (Baseline)',0,0,'2020-11-24 11:41:50','2020-11-24 11:41:50'),('Gudapet Tabs Syrup 0Mg (Baseline)',0,0,'2020-11-24 11:43:21','2020-11-24 11:43:21'),('Gv Paint Others 0G (Others)',0,0,'2020-12-22 18:26:24','2020-12-22 18:26:24'),('Gvither Injection 0G (Tobinco)',0,0,'2020-12-21 21:08:13','2020-12-21 21:08:13'),('Gyno-Daktarin Pessaries 0G (Osons)',0,0,'2020-12-21 21:15:14','2020-12-21 21:15:14'),('Gyno-Mycolex Pessaries 0G (Unichem)',0,0,'2020-12-21 21:15:37','2020-12-21 21:15:37'),('Gypron Plus Syrup Syrup 0G (Unicom)',0,0,'2020-11-24 13:09:48','2020-11-24 13:09:48'),('Gypron Plus Tabs Tabs 0G (Unicom)',0,0,'2020-11-24 13:10:18','2020-11-24 13:10:18'),('Haem Up Syrup 0G (Unichem)',0,0,'2020-12-25 19:23:56','2020-12-25 19:23:56'),('Haemo Forte Syrup 0Mg (Others)',0,0,'2020-12-20 16:34:26','2020-12-20 16:34:26'),('Haemoglobin Arytons Syrup 0Mg (Arytons)',0,0,'2020-12-01 17:23:39','2020-12-01 17:23:39'),('Haemoglobin Syrup 0Others (M&G)',0,0,'2020-11-24 09:29:57','2020-11-24 09:29:57'),('Haemoglonin Syrup 0Others (Letap)',0,0,'2020-11-24 09:29:23','2020-11-24 09:29:23'),('Hapenz Syrup Syrup 0G (Unicom)',0,0,'2020-11-24 13:33:27','2020-11-24 13:33:27'),('Hb 12 Syrup Syrup 0G (Unicom)',0,0,'2020-11-24 13:16:24','2020-11-24 13:16:24'),('Hb Rich Syrup 0Ml (Baseline)',0,0,'2020-11-24 11:28:55','2020-11-24 11:28:55'),('Heptolif Big Syrup 0Ml (Baseline)',0,0,'2020-11-24 11:25:10','2020-11-24 11:25:10'),('Heptolif Small Syrup 0G (Baseline)',0,0,'2021-01-04 19:53:23','2021-01-04 19:53:23'),('Heptopep Syrup 0Ml (Baseline)',0,0,'2020-11-24 11:37:59','2020-11-24 11:37:59'),('Herbal Slimming Tea Tea 0Ml (21St Century)',0,0,'2020-11-24 11:07:29','2020-11-24 11:07:29'),('Hi Lady Others 0G (Others)',0,0,'2020-12-20 19:05:41','2020-12-20 19:05:41'),('Histazine Tabs Tabs 0G (M&G)',0,0,'2020-12-01 16:48:18','2020-12-01 16:48:18'),('Hostan Capsule 0Mg (Others)',0,0,'2020-12-20 14:54:21','2020-12-20 14:54:21'),('Hydrocortisone Big Creams 0G (Exeter)',0,0,'2020-12-23 20:57:50','2020-12-23 20:57:50'),('Hydrocortisone Small Creams 0G (Others)',0,0,'2020-12-23 20:58:53','2020-12-23 20:58:53'),('Hydrogen Ecl Others 0Others (Unichem)',0,0,'2020-12-19 18:16:46','2020-12-19 18:16:46'),('Hydrogen Local Others 0G (Others)',0,0,'2020-12-22 19:00:33','2020-12-22 19:00:33'),('Hydrogen Local Others 0Others (M&G)',0,0,'2020-12-19 18:16:23','2020-12-19 18:16:23'),('Ibucap Capsule 0Mg (Shalina)',0,0,'2020-12-20 09:45:48','2020-12-20 09:45:48'),('Ibuglo Capsule 0Mg (Baseline)',0,0,'2020-12-20 09:46:39','2020-12-20 09:46:39'),('Ideos Tabs 0G (Others)',0,0,'2020-12-26 10:25:49','2020-12-26 10:25:49'),('Imax Spray 0L (Others)',0,0,'2020-12-23 18:44:26','2020-12-23 18:44:26'),('Imboost Syrup 0G (Letap)',0,0,'2020-12-01 18:37:22','2020-12-01 18:37:22'),('Impresser Capsule Capsule 0G (Unicom)',0,0,'2020-11-24 13:32:39','2020-11-24 13:32:39'),('Impresser Oil Others 0G (Baseline)',0,0,'2020-11-24 13:33:05','2020-11-24 13:33:05'),('Indocid Capsule 0G (Letap)',0,0,'2020-12-24 22:31:00','2020-12-24 22:31:00'),('Infa V Creams 0G (Others)',0,0,'2020-12-27 21:07:04','2020-12-27 21:07:04'),('Infa-V Pessaries 0G (Others)',0,0,'2020-12-21 21:16:12','2020-12-21 21:16:12'),('Infacol Drops 0L (Unicom)',0,0,'2020-11-24 11:16:16','2020-11-24 11:16:16'),('Intavita Capsule 0Others (Unicom)',0,0,'2020-11-24 08:25:18','2020-11-24 08:25:18'),('Itraconazole Capsule 0G (Uk)',0,0,'2020-12-21 21:55:40','2020-12-21 21:55:40'),('Jet 2 Cough Syrup 0G (Baseline)',0,0,'2020-11-24 12:14:22','2020-11-24 12:14:22'),('Jet 2 Lozenges 0G (Others)',0,0,'2020-12-26 20:37:34','2020-12-26 20:37:34'),('Johnson Oil Small Syrup 0Others (Ernest Chemist)',0,0,'2020-12-19 14:10:07','2020-12-19 14:10:07'),('Joy Ointments 0G (Others)',0,0,'2020-12-20 17:04:56','2020-12-20 17:04:56'),('Kalamine Big Lotion 0G (Ernest Chemist)',0,0,'2020-12-20 16:52:59','2020-12-20 16:52:59'),('Kalamine Small Lotion 0G (Ernest Chemist)',0,0,'2020-12-20 16:55:37','2020-12-20 16:55:37'),('Kamaclox Mouth Wash Syrup 0Others (Osons)',0,0,'2020-12-19 15:40:29','2020-12-19 15:40:29'),('Keptrils Lozenges 0Mg (Others)',0,0,'2020-12-20 15:48:54','2020-12-20 15:48:54'),('Ketazole Creams 0G (Shalina)',0,0,'2020-12-23 20:00:38','2020-12-23 20:00:38'),('Kidicare Syrup Syrup 0Others (Unichem)',0,0,'2020-12-19 16:22:11','2020-12-19 16:22:11'),('Kidics Syrup Syrup 0Others (Unichem)',0,0,'2020-12-19 16:21:44','2020-12-19 16:21:44'),('Kidivite 200Ml Syrup 0G (Ernest Chemist)',0,0,'2020-12-25 14:53:35','2020-12-25 14:53:35'),('Kidivite Drop Syrup 0G (Unicom)',0,0,'2020-11-24 12:32:04','2020-11-24 12:32:04'),('Kidivite Syrup Big Spray 0G (Baseline)',0,0,'2020-11-24 12:34:33','2020-11-24 12:34:33'),('Kidivite Syrup Small Syrup 0G (Baseline)',0,0,'2020-11-24 12:33:56','2020-11-24 12:33:56'),('Kinafen Express Capsule 0Mg (Kinapharma)',0,0,'2020-12-20 09:24:48','2020-12-20 09:24:48'),('Kingdom Garlic Bitters Spray 0G (Letap)',0,0,'2020-12-01 18:33:22','2020-12-01 18:33:22'),('Kingdom Garlic Capsule 0G (Letap)',0,0,'2020-12-01 18:32:54','2020-12-01 18:32:54'),('Kingdom Ginseng Capsule 0G (Others)',0,0,'2020-12-20 17:39:10','2020-12-20 17:39:10'),('Kiss Condom 0G (Others)',0,0,'2020-12-23 18:40:18','2020-12-23 18:40:18'),('Klire Tabs 0G (Others)',0,0,'2020-12-24 19:29:21','2020-12-24 19:29:21'),('Klovenal Pessaries 0G (Others)',0,0,'2020-12-21 21:50:28','2020-12-21 21:50:28'),('Koffex Adult Syrup 0Mg (Unicom)',0,0,'2020-11-24 13:04:13','2020-11-24 13:04:13'),('Koffex Jun Syrup 0G (Baseline)',0,0,'2020-11-24 13:04:38','2020-11-24 13:04:38'),('Koflet Syrup 0L (Unicom)',0,0,'2020-11-24 11:14:27','2020-11-24 11:14:27'),('Kofof Baby Syrup 0L (Baseline)',0,0,'2020-12-01 16:45:14','2020-12-01 16:45:14'),('Kofof Cough Adult Syrup 0Ml (Baseline)',0,0,'2020-11-24 11:19:42','2020-11-24 11:19:42'),('Kofof Jun Syrup 0G (Baseline)',0,0,'2020-12-01 16:45:35','2020-12-01 16:45:35'),('Kwik Action Tabs 0G (Kinapharma)',0,0,'2020-12-26 20:54:52','2020-12-26 20:54:52'),('L Montus Adult Tabs 0G (Unicom)',0,0,'2020-12-20 15:57:02','2020-12-20 15:57:02'),('L Montus Kids Tabs 0G (Unicom)',0,0,'2020-12-20 15:56:39','2020-12-20 15:56:39'),('Lactulose Syrup 0G (M&G)',0,0,'2020-12-20 16:52:24','2020-12-20 16:52:24'),('Ladinas Tabs 0G (Others)',0,0,'2020-12-23 18:13:56','2020-12-23 18:13:56'),('Lavet Others 0G (Others)',0,0,'2020-12-20 19:05:00','2020-12-20 19:05:00'),('Leena Capsule Capsule 0G (Baseline)',0,0,'2020-11-24 11:51:26','2020-11-24 11:51:26'),('Leena Syrup Syrup 0G (Baseline)',0,0,'2020-11-24 11:50:47','2020-11-24 11:50:47'),('Lemsip Cold And Flu Sachet 0G (Unicom)',0,0,'2020-12-26 09:56:51','2020-12-26 09:56:51'),('Lemsip Powder 0L (Uk)',0,0,'2020-12-20 15:25:36','2020-12-20 15:25:36'),('Leopard Ointments 0G (Shalina)',0,0,'2020-12-27 15:42:22','2020-12-27 15:42:22'),('Leorub Ointments 0G (Gb)',0,0,'2020-12-27 15:40:16','2020-12-27 15:40:16'),('Letalin Cough Syrup 0G (Baseline)',0,0,'2020-11-24 13:05:02','2020-11-24 13:05:02'),('Letaplex B Syrup 0Others (Letap)',0,0,'2020-12-19 18:14:24','2020-12-19 18:14:24'),('Letavit Syrup 0Others (Letap)',0,0,'2020-12-19 17:40:03','2020-12-19 17:40:03'),('Levon 2 Tabs 0G (Others)',0,0,'2020-12-23 18:46:07','2020-12-23 18:46:07'),('Lexofen Plus Syrup Syrup 0G (Gb Pharma)',0,0,'2020-11-24 14:05:17','2020-11-24 14:05:17'),('Lexofen Plus Tabs Tabs 1Others (Ernest Chemist)',0,0,'2020-12-19 09:38:44','2020-12-19 09:38:44'),('Lexsporin Ointments 0G (Unichem)',0,0,'2020-12-23 20:03:53','2020-12-23 20:03:53'),('Lexsporin Powder 0G (Unichem)',0,0,'2020-12-23 20:04:21','2020-12-23 20:04:21'),('Libido Support Capsule 0G (Others)',0,0,'2021-01-04 05:51:11','2021-01-04 05:51:11'),('Lifetone Syrup Syrup 0G (Unicom)',0,0,'2020-11-24 13:16:53','2020-11-24 13:16:53'),('Linctus Cough Adult Syrup 0G (Baseline)',0,0,'2020-11-24 11:56:30','2020-11-24 11:56:30'),('Linkof Baby Syrup 0G (Kinapharma)',0,0,'2020-11-24 14:01:57','2020-11-24 14:01:57'),('Linkof Child Syrup 0G (Gb Pharma)',0,0,'2020-11-24 14:01:09','2020-11-24 14:01:09'),('Lintus Baby Cough Syrup 0G (Baseline)',0,0,'2020-11-24 11:57:29','2020-11-24 11:57:29'),('Liqufruta Big Syrup 0Ml (Unicom)',0,0,'2020-11-24 11:21:53','2020-11-24 11:21:53'),('Liqufruta Small Cough Syrup 1Ml (Ernest Chemist)',0,0,'2020-12-19 09:28:30','2020-12-19 09:28:30'),('Liquid Parafin Others 0Others (Unicom)',0,0,'2020-12-19 15:38:44','2020-12-19 15:38:44'),('Lisinopril 10Mg Tabs 0Mg (Uk)',0,0,'2020-12-20 07:39:11','2020-12-20 07:39:11'),('Lisinopril 20Mg Tabs 0Mg (Uk)',0,0,'2020-12-20 07:39:31','2020-12-20 07:39:31'),('Lisinopril 5Mg Tabs 0Mg (Uk)',0,0,'2020-12-20 07:38:48','2020-12-20 07:38:48'),('Listerine Mouth Wash Syrup 0Others (Ernest Chemist)',0,0,'2020-12-19 14:09:26','2020-12-19 14:09:26'),('Liv 52 Syrup Syrup 0Ml (Unicom)',0,0,'2020-11-24 11:15:48','2020-11-24 11:15:48'),('Liv 52 Tabs Tabs 0Mg (Unicom)',0,0,'2020-11-24 11:15:14','2020-11-24 11:15:14'),('Liverplex B Syrup 0G (Letap)',0,0,'2020-12-01 17:21:12','2020-12-01 17:21:12'),('Liversalt(No.10) Sachet 0G (Ernest Chemist)',0,0,'2020-12-26 15:34:32','2020-12-26 15:34:32'),('Livertone Big Syrup 0Others (Ernest Chemist)',0,0,'2020-12-19 17:38:49','2020-12-19 17:38:49'),('Livertone Small Syrup 0Others (Ernest Chemist)',0,0,'2020-12-19 17:38:28','2020-12-19 17:38:28'),('Living Bitters Capsule 0G (Others)',0,0,'2020-12-20 17:26:01','2020-12-20 17:26:01'),('Living Bitters Small Syrup 0G (Others)',0,0,'2020-12-20 17:26:34','2020-12-20 17:26:34'),('Lofnac 100Mg Tabs 0Mg (Teva)',0,0,'2020-12-20 09:27:38','2020-12-20 09:27:38'),('Lofnac 50Mg Tabs 0Mg (Tobinco)',0,0,'2020-12-20 09:27:57','2020-12-20 09:27:57'),('Lofnac Supplement 0G (Tobinco)',0,0,'2020-12-21 20:37:35','2020-12-21 20:37:35'),('Lofnac-P Tabs 0G (Tobinco)',0,0,'2021-01-05 21:24:12','2021-01-05 21:24:12'),('Lofnag Gel 0Mg (Tobinco)',0,0,'2020-12-20 09:28:20','2020-12-20 09:28:20'),('Lonart Ds Tabs 0Mg (Tobinco)',0,0,'2020-12-20 08:03:39','2020-12-20 08:03:39'),('Lonart Forte Tabs 0Mg (Tobinco)',0,0,'2020-12-20 08:03:57','2020-12-20 08:03:57'),('Lonart Suspensions 0Mg (Teva)',0,0,'2020-12-20 08:04:25','2020-12-20 08:04:25'),('Loratadine Tabs 0G (Uk)',0,0,'2020-12-20 16:09:02','2020-12-20 16:09:02'),('Losartan 50Mg Tabs 0Mg (Teva)',0,0,'2020-12-20 07:40:35','2020-12-20 07:40:35'),('Lucky V Others 0G (Others)',0,0,'2020-12-20 17:49:04','2020-12-20 17:49:04'),('Luex Adult Syrup 0G (Baseline)',0,0,'2020-11-24 12:10:09','2020-11-24 12:10:09'),('Luex Baby Syrup 0G (Baseline)',0,0,'2020-11-24 12:08:38','2020-11-24 12:08:38'),('Luex Jun Syrup 0G (Baseline)',0,0,'2020-11-24 12:09:02','2020-11-24 12:09:02'),('Lufart Ds Tabs 0G (Tobinco)',0,0,'2020-12-25 14:39:58','2020-12-25 14:39:58'),('Lumether Suspensions 0Mg (Kinapharma)',0,0,'2020-12-20 08:10:54','2020-12-20 08:10:54'),('Lumether Tabs 0G (Kinapharma)',0,0,'2020-12-20 08:10:28','2020-12-20 08:10:28'),('Lydia Postpill Tabs 0G (Others)',0,0,'2020-12-23 18:45:33','2020-12-23 18:45:33'),('Lynux Ointments 0G (Ernest Chemist)',0,0,'2020-12-20 17:09:01','2020-12-20 17:09:01'),('M&B Tabs 0G (Others)',0,0,'2020-12-28 19:13:34','2020-12-28 19:13:34'),('M2 Tone Tabs 0G (Others)',0,0,'2020-12-25 10:46:30','2020-12-25 10:46:30'),('Maalox Sachet 0G (Unichem)',0,0,'2020-12-25 20:12:19','2020-12-25 20:12:19'),('Maalox Suspensions 0Mg (Unicom)',0,0,'2020-12-20 10:04:25','2020-12-20 10:04:25'),('Maame Dagomba Creams 0G (Others)',0,0,'2020-12-20 17:10:03','2020-12-20 17:10:03'),('Magacid Suspensions 0Mg (Kinapharma)',0,0,'2020-12-20 10:00:06','2020-12-20 10:00:06'),('Magacid Tabs 0Mg (Kinapharma)',0,0,'2020-12-20 09:59:34','2020-12-20 09:59:34'),('Major Nasal Drop 0G (Others)',0,0,'2020-12-20 19:24:19','2020-12-20 19:24:19'),('Malafan Tabs 0Mg (Kinapharma)',0,0,'2020-12-20 08:09:28','2020-12-20 08:09:28'),('Malakare Mixture 0G (Others)',0,0,'2020-12-26 10:22:13','2020-12-26 10:22:13'),('Malar 2 Ds Tabs 0Mg (Ernest Chemist)',0,0,'2020-12-20 08:06:38','2020-12-20 08:06:38'),('Malar 2 Forte Tabs 0G (Ernest Chemist)',0,0,'2020-12-20 08:06:15','2020-12-20 08:06:15'),('Malar 2 Suspensions 0Mg (Ernest Chemist)',0,0,'2020-12-20 08:07:04','2020-12-20 08:07:04'),('Malaria Test Others 0G (Others)',0,0,'2020-12-21 18:32:23','2020-12-21 18:32:23'),('Malin Adult Syrup 0G (Gb Pharma)',0,0,'2020-11-24 13:51:56','2020-11-24 13:51:56'),('Malin Baby Syrup 0G (Baseline)',0,0,'2020-11-24 13:54:43','2020-11-24 13:54:43'),('Malin Jun Syrup 0G (Unicom)',0,0,'2020-11-24 13:53:05','2020-11-24 13:53:05'),('Mark 2 Inhaler 0G (Others)',0,0,'2020-12-25 14:35:36','2020-12-25 14:35:36'),('Masada Mixture 0G (Others)',0,0,'2020-12-25 13:45:01','2020-12-25 13:45:01'),('Maxitrol Eye Drop 0G (Others)',0,0,'2020-12-20 07:07:22','2020-12-20 07:07:22'),('Mayfer Syrup 0G (Kinapharma)',0,0,'2021-01-01 20:04:10','2021-01-01 20:04:10'),('Mebenda 500Mg Tabs 0G (Osons)',0,0,'2020-12-24 20:24:33','2020-12-24 20:24:33'),('Medisoft Repellant Creams 1G (Arytons)',0,0,'2020-12-19 14:04:17','2020-12-19 14:04:17'),('Menstak Tabs 0G (Others)',0,0,'2020-12-23 18:15:04','2020-12-23 18:15:04'),('Mentat Syrup Syrup 0Ml (Unicom)',0,0,'2020-11-24 11:17:11','2020-11-24 11:17:11'),('Mentat Tabs Tabs 0Mg (Unicom)',0,0,'2020-11-24 11:16:42','2020-11-24 11:16:42'),('Menthodex Big Syrup 0Ml (Unicom)',0,0,'2020-11-24 11:22:25','2020-11-24 11:22:25'),('Menthodex Small Syrup 0Ml (Unicom)',0,0,'2020-11-24 11:22:53','2020-11-24 11:22:53'),('Menthox Child Syrup 1Ml (M&G)',0,0,'2020-12-19 09:14:54','2020-12-19 09:14:54'),('Menthox Cough Adult Syrup 0G (Letap)',0,0,'2020-11-24 13:45:13','2020-11-24 13:45:13'),('Menthox Lozenges 0G (Kinapharma)',0,0,'2020-12-29 15:11:17','2020-12-29 15:11:17'),('Mercy Cream Creams 0Others (Letap)',0,0,'2020-12-03 21:14:42','2020-12-03 21:14:42'),('Mercy Soap 0G (Others)',0,0,'2020-12-25 19:43:50','2020-12-25 19:43:50'),('Merivita Capsule 0G (Osons)',0,0,'2020-12-30 19:48:30','2020-12-30 19:48:30'),('Metformin Denk Tabs 0Mg (Denk)',0,0,'2020-12-20 07:29:33','2020-12-20 07:29:33'),('Metformin Ecl Tabs 0Mg (Ernest Chemist)',0,0,'2020-12-20 07:28:51','2020-12-20 07:28:51'),('Methol Cyrstal Powder 0Mg (Unicom)',0,0,'2020-12-20 15:58:18','2020-12-20 15:58:18'),('Methyldopa( Aldomet) Tabs 0G (Others)',0,0,'2020-12-20 07:31:53','2020-12-20 07:31:53'),('Metoclopramide 10Mg Tabs 0G (Others)',0,0,'2020-12-20 16:37:54','2020-12-20 16:37:54'),('Metro Gr F Suspensions 0G (Gr)',0,0,'2020-12-25 12:04:53','2020-12-25 12:04:53'),('Metrolex F Susp Suspensions 1L (Unichem)',0,0,'2020-12-20 05:01:27','2020-12-20 05:01:27'),('Metrolex F Tabs 1Mg (Unichem)',0,0,'2020-12-20 05:00:45','2020-12-20 05:00:45'),('Mighty Power Big Size Syrup 0G (Letap)',0,0,'2020-12-01 18:36:38','2020-12-01 18:36:38'),('Mighty Power Small Syrup 0G (Letap)',0,0,'2020-12-01 18:37:03','2020-12-01 18:37:03'),('Milk Of Magnesia Big Syrup 0Others (Osons)',0,0,'2020-12-19 15:46:24','2020-12-19 15:46:24'),('Milk Of Magnesia Philips Syrup 0Others (Unichem)',0,0,'2020-12-19 15:47:33','2020-12-19 15:47:33'),('Milk Of Magnesia Small Syrup 0Others (Ascot)',0,0,'2020-12-19 15:43:18','2020-12-19 15:43:18'),('Milton Tabs Tabs 0Others (Unichem)',0,0,'2020-12-19 18:13:08','2020-12-19 18:13:08'),('Mimorange Syrup 0G (Gb Pharma)',0,0,'2020-12-01 17:20:07','2020-12-01 17:20:07'),('Minadex Syrup Syrup 0Others (Unichem)',0,0,'2020-12-19 16:21:15','2020-12-19 16:21:15'),('Mist Expet Sed Mixture 0G (Others)',0,0,'2020-12-22 18:58:59','2020-12-22 18:58:59'),('Mist Kaolin Mixture 0G (Others)',0,0,'2020-12-22 18:59:36','2020-12-22 18:59:36'),('Mist Kaolin Syrup 0G (Pokupharma)',0,0,'2020-12-01 17:42:23','2020-12-01 17:42:23'),('Mist Pot Cit Mixture 0G (Others)',0,0,'2020-12-22 19:00:02','2020-12-22 19:00:02'),('Mist Sennaco Mixture 0G (Others)',0,0,'2020-12-22 18:58:40','2020-12-22 18:58:40'),('Mist Trisilicate Mixture 0G (Others)',0,0,'2020-12-22 18:58:17','2020-12-22 18:58:17'),('Mosegor Syrup 0G (Unichem)',0,0,'2021-01-11 22:25:57','2021-01-11 22:25:57'),('Mosegor Tabs 0Mg (Unicom)',0,0,'2020-12-20 14:54:46','2020-12-20 14:54:46'),('Motilium Tabs 0G (Others)',0,0,'2020-12-20 16:38:19','2020-12-20 16:38:19'),('Mr Q Others 0G (Others)',0,0,'2020-12-23 18:21:55','2020-12-23 18:21:55'),('Mucolex Adult Syrup 0G (Baseline)',0,0,'2020-11-24 11:58:17','2020-11-24 11:58:17'),('Mucolex Child Syrup 0G (Baseline)',0,0,'2020-11-24 11:58:45','2020-11-24 11:58:45'),('Multimino Syrup Syrup 0Ml (Baseline)',0,0,'2020-11-24 11:40:09','2020-11-24 11:40:09'),('Multinova Syrup 0Others (M&G)',0,0,'2020-12-19 18:13:37','2020-12-19 18:13:37'),('Multivit Tabs 0G (Ernest Chemist)',0,0,'2020-12-26 16:59:38','2020-12-26 16:59:38'),('Mycocort Creams 0G (Others)',0,0,'2020-12-23 20:59:55','2020-12-23 20:59:55'),('Mycolex 3 Creams 0G (Unichem)',0,0,'2020-12-23 20:59:34','2020-12-23 20:59:34'),('Mycolex Creams 0G (Unichem)',0,0,'2020-12-23 20:59:14','2020-12-23 20:59:14'),('Mycolex Powder 0G (21St Century)',0,0,'2020-12-20 17:28:44','2020-12-20 17:28:44'),('Mycovin 125Mg Tabs 1Mg (Ernest Chemist)',0,0,'2020-12-20 05:15:20','2020-12-20 05:15:20'),('Mycovin 500Mg Tabs 1Mg (Ernest Chemist)',0,0,'2020-12-20 05:15:49','2020-12-20 05:15:49'),('Naklofen Duo 75Mg Capsule 0Mg (Ernest Chemist)',0,0,'2020-12-20 09:20:22','2020-12-20 09:20:22'),('Nana Adjie Tabs 0G (Others)',0,0,'2020-12-23 18:39:18','2020-12-23 18:39:18'),('Naprosen Ec Original Tabs 0Mg (Ernest Chemist)',0,0,'2020-12-20 09:21:42','2020-12-20 09:21:42'),('Naproxen Ec Ecl Tabs 0Mg (Ernest Chemist)',0,0,'2020-12-20 09:22:44','2020-12-20 09:22:44'),('Naproxen Ecl Tabs 0Mg (Ernest Chemist)',0,0,'2020-12-20 09:22:17','2020-12-20 09:22:17'),('Nat B Capsule 0G (Unichem)',0,0,'2021-01-09 21:59:51','2021-01-09 21:59:51'),('Natural Tears Drop 0G (Others)',0,0,'2020-12-20 07:08:07','2020-12-20 07:08:07'),('Ncp Oil 0G (Others)',0,0,'2020-12-20 17:23:58','2020-12-20 17:23:58'),('Neo Cort Drop 0G (Others)',0,0,'2020-12-25 14:20:18','2020-12-25 14:20:18'),('Neo-Hycolex Drop 0G (Unichem)',0,0,'2020-12-20 19:34:35','2020-12-20 19:34:35'),('Neoferon Syrup 0G (Ernest Chemist)',0,0,'2020-12-30 22:43:49','2020-12-30 22:43:49'),('Nerve And Bone Oil 0G (Others)',0,0,'2020-12-20 17:28:19','2020-12-20 17:28:19'),('Nesterix Syrup Syrup 0G (Baseline)',0,0,'2020-11-24 13:43:41','2020-11-24 13:43:41'),('New Life Creams 0G (Others)',0,0,'2020-12-20 17:09:36','2020-12-20 17:09:36'),('Nexcofer Capsule Capsule 0G (Unicom)',0,0,'2020-11-24 13:37:24','2020-11-24 13:37:24'),('Nexcofer Syrup Syrup 0G (Baseline)',0,0,'2020-11-24 13:37:45','2020-11-24 13:37:45'),('Nexium 40Mg Tabs 0G (Osons)',0,0,'2020-12-27 21:10:37','2020-12-27 21:10:37'),('Nifecard Xl 30Mg Tabs 0Mg (Others)',0,0,'2020-12-20 07:41:57','2020-12-20 07:41:57'),('Nifedenk 10Mg Tabs 0Mg (Denk)',0,0,'2020-12-20 07:41:01','2020-12-20 07:41:01'),('Nifedenk 20Mg Tabs 0G (Denk)',0,0,'2020-12-20 07:41:24','2020-12-20 07:41:24'),('Nifedipine(Carditas) 20Mg Tabs 0G (Unicom)',0,0,'2020-12-26 20:12:06','2020-12-26 20:12:06'),('Night Nurse Syrup Syrup 0G (Baseline)',0,0,'2020-11-24 12:18:09','2020-11-24 12:18:09'),('Nivea Deo Spray 0G (Others)',0,0,'2020-12-26 17:59:08','2020-12-26 17:59:08'),('Nivea Men Roll-On 0G (Others)',0,0,'2020-12-26 18:21:06','2020-12-26 18:21:06'),('Nivea Roll-On 0G (Others)',0,0,'2020-12-26 18:20:37','2020-12-26 18:20:37'),('Nivea Women Roll-On 0G (Others)',0,0,'2020-12-26 18:21:25','2020-12-26 18:21:25'),('Normal Saline Imported Drop 0G (Uk)',0,0,'2020-12-21 18:30:42','2020-12-21 18:30:42'),('Normal Saline Local Drop 0G (Others)',0,0,'2020-12-21 18:31:25','2020-12-21 18:31:25'),('Normo Tears Drop 0G (Others)',0,0,'2020-12-20 07:08:26','2020-12-20 07:08:26'),('Nospa Tabs 0Mg (Unichem)',0,0,'2020-12-20 15:18:19','2020-12-20 15:18:19'),('Nostamine Drop 0G (Others)',0,0,'2020-12-20 07:09:34','2020-12-20 07:09:34'),('Novacold Tabs 0Mg (Pharmanova)',0,0,'2020-12-20 15:43:42','2020-12-20 15:43:42'),('Nugel O Suspensions 0Mg (M&G)',0,0,'2020-12-20 10:00:58','2020-12-20 10:00:58'),('Nugel Suspensions 0Mg (M&G)',0,0,'2020-12-20 10:00:35','2020-12-20 10:00:35'),('Nurofen Syrup 0G (Others)',0,0,'2020-12-26 14:36:03','2020-12-26 14:36:03'),('Nutracid Suspensions 0Mg (Others)',0,0,'2020-12-20 10:02:23','2020-12-20 10:02:23'),('O.R.S Powder 0G (Dannex)',0,0,'2020-12-26 18:17:00','2020-12-26 18:17:00'),('Olanzapine 10Mg Tabs 0G (Others)',0,0,'2021-01-14 19:40:43','2021-01-14 19:40:43'),('Olanzapine 5Mg Tabs 0G (Others)',0,0,'2021-01-14 19:41:02','2021-01-14 19:41:02'),('Olfen Big Gel 0G (Others)',0,0,'2020-12-28 12:45:59','2020-12-28 12:45:59'),('Olfen Small Gel 0Mg (Unicom)',0,0,'2020-12-20 09:30:18','2020-12-20 09:30:18'),('Omega Oil 0G (Others)',0,0,'2020-12-20 16:35:58','2020-12-20 16:35:58'),('Omega-3 Caps Syrup 0Others (Osons)',0,0,'2020-12-19 16:09:06','2020-12-19 16:09:06'),('Omeprazole Capsule 0G (Ernest Chemist)',0,0,'2020-12-29 18:17:12','2020-12-29 18:17:12'),('Optrex Blood Spot Drop 0G (Unicom)',0,0,'2020-12-21 18:25:58','2020-12-21 18:25:58'),('Oral-B Long Paste 0G (Others)',0,0,'2020-12-26 20:57:11','2020-12-26 20:57:11'),('Oral-B Short Paste 0G (Others)',0,0,'2020-12-26 20:57:33','2020-12-26 20:57:33'),('Osons Garlic Capsule 0G (Unicom)',0,0,'2020-11-24 13:17:13','2020-11-24 13:17:13'),('Osteocare India Tabs 0G (Others)',0,0,'2020-12-24 23:04:00','2020-12-24 23:04:00'),('Osteocare Syrup Syrup 0Others (Gb Pharma)',0,0,'2020-12-19 15:33:06','2020-12-19 15:33:06'),('Otrivin Adult Drop 0G (Ernest Chemist)',0,0,'2020-12-20 19:24:46','2020-12-20 19:24:46'),('Otrivin Child Drop 0G (Ernest Chemist)',0,0,'2020-12-20 19:25:05','2020-12-20 19:25:05'),('OYes Oil 0G (Others)',0,0,'2020-12-20 17:24:24','2020-12-20 17:24:24'),('Pacot Tabs 0G (Others)',0,0,'2020-12-24 19:40:16','2020-12-24 19:40:16'),('Paingay Capsule 0G (Others)',0,0,'2020-12-24 19:30:13','2020-12-24 19:30:13'),('Paingay Ointments 0G (Others)',0,0,'2020-12-25 21:40:33','2020-12-25 21:40:33'),('Pakum Capsule 0G (Others)',0,0,'2020-12-20 19:05:16','2020-12-20 19:05:16'),('Pamafort Syrup 0L (Baseline)',0,0,'2021-01-09 20:10:10','2021-01-09 20:10:10'),('Panadol Extra Tabs 0G (Uk)',0,0,'2021-01-07 17:45:38','2021-01-07 17:45:38'),('Panadol Tabs 0G (Unichem)',0,0,'2021-01-07 17:45:17','2021-01-07 17:45:17'),('Para Denk 125Mg Supplement 0G (Denk)',0,0,'2020-12-21 19:51:47','2020-12-21 19:51:47'),('Para Denk 250Mg Supplement 0G (Denk)',0,0,'2020-12-21 19:52:07','2020-12-21 19:52:07'),('Para Exeter Syrup 0G (Exeter)',0,0,'2021-01-09 18:53:45','2021-01-09 18:53:45'),('Para Syrup 0G (Pharmanova)',0,0,'2020-12-25 15:35:30','2020-12-25 15:35:30'),('Para Syrup Exeter Syrup 0G (Gb Pharma)',0,0,'2020-11-24 14:03:29','2020-11-24 14:03:29'),('Para Syrup Letap Syrup 0G (Letap)',0,0,'2020-12-01 16:59:28','2020-12-01 16:59:28'),('Para Tabs 0Mg (Arytons)',0,0,'2020-12-20 09:25:39','2020-12-20 09:25:39'),('Para Uk Tabs 0Mg (Others)',0,0,'2020-12-20 09:26:02','2020-12-20 09:26:02'),('Paractin Tabs 0G (Others)',0,0,'2020-12-26 19:16:22','2020-12-26 19:16:22'),('Paramol 125Mg Supplemet 0G (Unicom)',0,0,'2020-12-21 19:53:54','2020-12-21 19:53:54'),('Paramol 250Mg Supplement 0G (Unicom)',0,0,'2020-12-21 19:54:54','2020-12-21 19:54:54'),('Paratop Tabs 0G (Others)',0,0,'2020-12-24 19:36:16','2020-12-24 19:36:16'),('Peladol Tabs 0G (Others)',0,0,'2020-12-24 20:25:41','2020-12-24 20:25:41'),('Penicillin Ointments 0G (Others)',0,0,'2020-12-23 20:07:03','2020-12-23 20:07:03'),('Penicillin Tabs 0G (Letap)',0,0,'2020-12-26 22:36:33','2020-12-26 22:36:33'),('Phenegan Syrup(Danegan) Syrup 0G (Unichem)',0,0,'2020-11-24 12:44:12','2020-11-24 12:44:12'),('Phenegan Syrup(Ecl) Syrup 0G (Baseline)',0,0,'2020-11-24 12:46:30','2020-11-24 12:46:30'),('Phopain Syrup Syrup 0G (Gb Pharma)',0,0,'2020-11-24 14:04:07','2020-11-24 14:04:07'),('Pikovit Syrup Syrup 0Others (Unichem)',0,0,'2020-12-19 16:09:52','2020-12-19 16:09:52'),('Pilex Creams 0Others (Unichem)',0,0,'2020-12-19 17:30:20','2020-12-19 17:30:20'),('Pilex Tabs Tabs 0Others (Unichem)',0,0,'2020-12-19 17:29:56','2020-12-19 17:29:56'),('Pilif Creams 0G (Others)',0,0,'2020-12-28 13:12:07','2020-12-28 13:12:07'),('Pinek 30Mg Tabs 0G (Others)',0,0,'2021-01-10 19:12:32','2021-01-10 19:12:32'),('Pinpac Gel Ointments 0Others (Baseline)',0,0,'2020-12-19 08:52:53','2020-12-19 08:52:53'),('Pinpac Tabs 0Others (Baseline)',0,0,'2020-11-24 09:30:36','2020-11-24 09:30:36'),('Piriton Syrup Syrup 0G (M&G)',0,0,'2020-12-01 16:46:52','2020-12-01 16:46:52'),('Piriton Tabs 0G (Letap)',0,0,'2020-12-20 16:03:26','2020-12-20 16:03:26'),('Piroxicam(Letacam) Capsule 0Mg (Letap)',0,0,'2020-12-24 19:38:02','2020-12-24 19:38:02'),('Piroxicam(Ronaxicam) Capsule 0G (Others)',0,0,'2020-12-24 19:39:55','2020-12-24 19:39:55'),('Plaster Stripes 0G (Others)',0,0,'2020-12-30 22:25:30','2020-12-30 22:25:30'),('Pocupain Syrup Syrup 0G (Kinapharma)',0,0,'2020-11-24 14:04:38','2020-11-24 14:04:38'),('Pokupain Syrup 0G (Pokupharma)',0,0,'2020-12-27 18:25:24','2020-12-27 18:25:24'),('Poly Fz Syrup 0G (Others)',0,0,'2021-01-09 18:54:42','2021-01-09 18:54:42'),('Polyfer Capsule Capsule 0G (M&G)',0,0,'2020-12-01 17:25:49','2020-12-01 17:25:49'),('Polyfer Syrup 150Ml Syrup 0G (M&G)',0,0,'2020-12-01 17:24:36','2020-12-01 17:24:36'),('Polyfer Syrup 200Ml Syrup 0G (Letap)',0,0,'2020-12-01 17:25:02','2020-12-01 17:25:02'),('Polyfer Syrup 30Ml Syrup 0Ml (Baseline)',0,0,'2020-12-19 08:02:16','2020-12-19 08:02:16'),('Polyfer Syrup Syrup 0Ml (Ascot)',0,0,'2020-12-19 08:01:37','2020-12-19 08:01:37'),('Polygel Big Suspensions 0G (Shalina)',0,0,'2020-12-20 16:50:56','2020-12-20 16:50:56'),('Polygel Small Suspensions 0G (Shalina)',0,0,'2020-12-20 16:50:34','2020-12-20 16:50:34'),('Polygynax Pessaries 0G (Others)',0,0,'2020-12-21 21:10:12','2020-12-21 21:10:12'),('Postinor 2 Tabs 0G (Others)',0,0,'2020-12-23 18:45:50','2020-12-23 18:45:50'),('Power House Roll-On 0G (Others)',0,0,'2020-12-26 18:22:58','2020-12-26 18:22:58'),('Pre-Meco Capsule 0G (Others)',0,0,'2020-12-20 09:26:37','2020-12-20 09:26:37'),('Prednisolene Tabs 0G (Ernest Chemist)',0,0,'2020-12-26 17:09:18','2020-12-26 17:09:18'),('Pregabalin(Pregasafe) 75Mg Capsule 0Mg (Unicom)',0,0,'2020-12-20 15:38:28','2020-12-20 15:38:28'),('Pregnacare 19 Capsule 0G (Unicom)',0,0,'2020-11-24 13:09:10','2020-11-24 13:09:10'),('Pregnacare Plus Syrup 0Ml (Unicom)',0,0,'2020-11-24 11:26:07','2020-11-24 11:26:07'),('Pregnancy Test Others 0G (Others)',0,0,'2020-12-26 18:31:55','2020-12-26 18:31:55'),('Primolut N Tabs 0G (Others)',0,0,'2020-12-21 18:31:50','2020-12-21 18:31:50'),('Pro-Tonic Syrup 0Others (M&G)',0,0,'2020-12-19 18:14:03','2020-12-19 18:14:03'),('Procold Tabs 0Mg (Kojack)',0,0,'2020-12-20 15:43:03','2020-12-20 15:43:03'),('Procomil Tabs 0G (Osons)',0,0,'2020-12-23 18:37:45','2020-12-23 18:37:45'),('Procomil Tabs 0G (Unichem)',0,0,'2021-01-04 05:51:38','2021-01-04 05:51:38'),('Prokid Drop 0G (Ernest Chemist)',0,0,'2020-12-24 23:11:16','2020-12-24 23:11:16'),('Proman Capsule Capsule 0G (Baseline)',0,0,'2020-11-24 11:45:49','2020-11-24 11:45:49'),('Prostacure Tea 0G (Others)',0,0,'2020-12-20 17:25:14','2020-12-20 17:25:14'),('Prostafit Capsule 0G (Others)',0,0,'2020-12-20 17:26:52','2020-12-20 17:26:52'),('Prostat 60 Tabs 0G (Others)',0,0,'2020-12-20 17:02:59','2020-12-20 17:02:59'),('Punch And Judy Paste 0G (Unicom)',0,0,'2020-12-25 17:39:37','2020-12-25 17:39:37'),('Pure Cod Liver Oil 0G (Others)',0,0,'2020-12-25 11:10:47','2020-12-25 11:10:47'),('Ralph Capsule 0G (Letap)',0,0,'2020-12-03 21:44:57','2020-12-03 21:44:57'),('Rapinol Tabs 0Others (Unichem)',0,0,'2020-12-19 18:15:27','2020-12-19 18:15:27'),('Red Sun Sachet 0G (Others)',0,0,'2020-12-23 19:21:19','2020-12-23 19:21:19'),('Refresh Tears Drop 0G (Others)',0,0,'2020-12-20 07:09:13','2020-12-20 07:09:13'),('Relcer Gel Suspensions 0Mg (Others)',0,0,'2020-12-20 16:51:17','2020-12-20 16:51:17'),('Revodium Capsule 0G (Others)',0,0,'2020-12-26 17:04:07','2020-12-26 17:04:07'),('Rexona Deo Spray 0G (Others)',0,0,'2020-12-26 17:57:44','2020-12-26 17:57:44'),('Rexona Men Roll-On 0G (Others)',0,0,'2020-12-26 18:21:46','2020-12-26 18:21:46'),('Rexona Women Roll-On 0G (Others)',0,0,'2020-12-26 18:22:05','2020-12-26 18:22:05'),('Rhinathiol Cough Adult Syrup 0L (Unicom)',0,0,'2020-11-24 11:12:36','2020-11-24 11:12:36'),('Rhinathiol Cough Child Syrup 0L (Unicom)',0,0,'2020-11-24 11:13:24','2020-11-24 11:13:24'),('Rhizen Syrup Syrup 0Mg (Baseline)',0,0,'2020-12-01 16:47:39','2020-12-01 16:47:39'),('Rhizen Tabs 0G (Kinapharma)',0,0,'2020-12-20 16:09:51','2020-12-20 16:09:51'),('Rhizen Tabs Tabs 0Mg (Gb Pharma)',0,0,'2020-12-01 16:47:18','2020-12-01 16:47:18'),('Riddles Adult Syrup 0G (Baseline)',0,0,'2020-11-24 12:02:30','2020-11-24 12:02:30'),('Riddles Baby Syrup 0G (Baseline)',0,0,'2020-11-24 12:04:54','2020-11-24 12:04:54'),('Riddles Jun Syrup 0G (Baseline)',0,0,'2020-11-24 12:03:04','2020-11-24 12:03:04'),('Ritonic Syrup Syrup 0G (Unicom)',0,0,'2020-11-24 13:23:55','2020-11-24 13:23:55'),('Robb Inhaler 0G (Others)',0,0,'2020-12-25 15:22:15','2020-12-25 15:22:15'),('Robb Jar Ointments 0G (Others)',0,0,'2020-12-27 21:13:10','2020-12-27 21:13:10'),('Robb Ointments 0G (Others)',0,0,'2020-12-27 21:12:52','2020-12-27 21:12:52'),('Robitussin Cough Syrup 0G (Unicom)',0,0,'2020-11-24 12:55:24','2020-11-24 12:55:24'),('Romex Adult Syrup 0G (Tobinco)',0,0,'2020-12-01 17:01:12','2020-12-01 17:01:12'),('Romex Jun Syrup 0G (Arytons)',0,0,'2020-12-01 17:06:18','2020-12-01 17:06:18'),('Ronadol Tabs 0G (Others)',0,0,'2020-12-24 19:36:30','2020-12-24 19:36:30'),('Ronfit Cold Syrup Syrup 0G (Unicom)',0,0,'2020-11-24 14:08:12','2020-11-24 14:08:12'),('Ronfit Cold Tabs 0Mg (Others)',0,0,'2020-12-20 15:57:49','2020-12-20 15:57:49'),('Ronfit Forte Capsule 0Mg (Baseline)',0,0,'2020-12-20 09:45:27','2020-12-20 09:45:27'),('Rooter Life Syrup 0G (Letap)',0,0,'2020-12-01 18:32:01','2020-12-01 18:32:01'),('Rooter Mixture Syrup 0G (Letap)',0,0,'2020-12-01 18:20:56','2020-12-01 18:20:56'),('Rooter Tytonic Syrup 0G (Letap)',0,0,'2020-12-01 18:20:26','2020-12-01 18:20:26'),('Rough Rider Condom 0G (Others)',0,0,'2020-12-23 18:38:26','2020-12-23 18:38:26'),('Roxidol Tabs 0G (Others)',0,0,'2020-12-24 19:30:27','2020-12-24 19:30:27'),('Rubbing Alcohol Syrup 0G (Letap)',0,0,'2020-12-01 18:21:54','2020-12-01 18:21:54'),('Rufedol Tabs 0Mg (Shalina)',0,0,'2020-12-20 09:49:12','2020-12-20 09:49:12'),('Sabroso 125Ml Oil 0G (Others)',0,0,'2020-12-20 16:22:53','2020-12-20 16:22:53'),('Sabroso 250Ml Oil 0G (Others)',0,0,'2020-12-20 16:22:25','2020-12-20 16:22:25'),('Salamol Inhaler Syrup 0G (Unicom)',0,0,'2020-11-24 12:27:54','2020-11-24 12:27:54'),('Salbutamol Ecl Tabs 0G (Ernest Chemist)',0,0,'2021-01-15 19:25:15','2021-01-15 19:25:15'),('Salbutamol Syrup 0G (Others)',0,0,'2020-12-20 16:34:46','2020-12-20 16:34:46'),('Salo Apeti Syrup 0G (Unichem)',0,0,'2020-11-24 13:12:57','2020-11-24 13:12:57'),('Salo Apeti Tabs Tabs 0G (Unicom)',0,0,'2020-11-24 13:14:16','2020-11-24 13:14:16'),('Salo Cold Tabs 0Mg (Others)',0,0,'2020-12-20 15:43:23','2020-12-20 15:43:23'),('Salocold Tabs Tabs 0G (Osons)',0,0,'2020-12-01 16:52:28','2020-12-01 16:52:28'),('Salodyne Syrup Syrup 0G (Unicom)',0,0,'2020-11-24 13:14:39','2020-11-24 13:14:39'),('Salogel O Suspensions 0G (Others)',0,0,'2020-12-25 12:12:47','2020-12-25 12:12:47'),('Salogel O Suspensions 0Mg (M&G)',0,0,'2020-12-20 10:03:39','2020-12-20 10:03:39'),('Salogel Suspensions 0G (Others)',0,0,'2020-12-25 12:07:31','2020-12-25 12:07:31'),('Salogel Suspensions 0Mg (Gb)',0,0,'2020-12-20 10:03:19','2020-12-20 10:03:19'),('Samalin Adult Syrup 0G (Baseline)',0,0,'2020-11-24 12:01:28','2020-11-24 12:01:28'),('Samalin Jun Syrup 0G (Baseline)',0,0,'2020-11-24 12:01:57','2020-11-24 12:01:57'),('Samalin Lozenges 0G (Arytons)',0,0,'2020-12-25 18:48:12','2020-12-25 18:48:12'),('Samocid Solution 0G (Others)',0,0,'2020-12-25 14:22:33','2020-12-25 14:22:33'),('Savlon 125Ml Others 0Others (Ernest Chemist)',0,0,'2020-12-19 15:37:06','2020-12-19 15:37:06'),('Savlon 250Ml Others 0Others (Osons)',0,0,'2020-12-19 15:37:35','2020-12-19 15:37:35'),('Scheriproct Supplement 0G (Others)',0,0,'2020-12-23 20:05:39','2020-12-23 20:05:39'),('Seclear Drops 0G (Others)',0,0,'2020-12-20 07:05:55','2020-12-20 07:05:55'),('Secnidazole(Seczol) Tabs 0G (Others)',0,0,'2020-12-21 21:20:56','2020-12-21 21:20:56'),('Secnidazole(Tagera Forte) Tabs 0G (Others)',0,0,'2020-12-21 21:13:48','2020-12-21 21:13:48'),('Secure Tabs 0G (Others)',0,0,'2020-12-23 19:23:59','2020-12-23 19:23:59'),('Sedalyn Adult Syrup 0G (Baseline)',0,0,'2020-11-24 11:59:49','2020-11-24 11:59:49'),('Sedalyn Child Syrup 0G (Baseline)',0,0,'2020-11-24 12:00:27','2020-11-24 12:00:27'),('Seflox Drop 0G (Others)',0,0,'2020-12-20 07:05:31','2020-12-20 07:05:31'),('Selevite Tabs 0G (Others)',0,0,'2020-12-25 18:49:52','2020-12-25 18:49:52'),('Sensodyne Paste 0G (Unicom)',0,0,'2020-12-25 11:58:09','2020-12-25 11:58:09'),('Septilin Syrup Syrup 0Ml (Unicom)',0,0,'2020-11-24 11:17:36','2020-11-24 11:17:36'),('Septilin Tabs Tabs 0Mg (Unicom)',0,0,'2020-11-24 11:18:03','2020-11-24 11:18:03'),('Septrim(Nestrim) Syrup 0G (Ernest Chemist)',0,0,'2020-12-25 21:46:03','2020-12-25 21:46:03'),('Septrin Syrup 0G (Letap)',0,0,'2020-12-25 21:45:07','2020-12-25 21:45:07'),('Septrin Tabs 0G (Letap)',0,0,'2020-12-25 21:45:31','2020-12-25 21:45:31'),('Sequizol Tabs 0G (Others)',0,0,'2020-12-24 20:26:05','2020-12-24 20:26:05'),('Seven Seas Cod Liver Syrup Small Syrup 0G (Baseline)',0,0,'2020-11-24 12:51:13','2020-11-24 12:51:13'),('Seven Seas Large Size Syrup 0Ml (Baseline)',0,0,'2020-12-19 07:39:41','2020-12-19 07:39:41'),('Shalcip Tabs 1Mg (Shalina)',0,0,'2020-12-20 05:03:47','2020-12-20 05:03:47'),('Shalcip Tz Tabs 1Mg (Shalina)',0,0,'2020-12-20 05:04:12','2020-12-20 05:04:12'),('Shaltoux Lozenges 0G (Others)',0,0,'2020-12-25 14:38:02','2020-12-25 14:38:02'),('Sibi Man Capsule 0G (Others)',0,0,'2020-12-20 19:08:06','2020-12-20 19:08:06'),('Sibi Soap 0G (Others)',0,0,'2020-12-28 12:46:17','2020-12-28 12:46:17'),('Sibi Woman Capsule 0G (Others)',0,0,'2020-12-20 19:08:39','2020-12-20 19:08:39'),('Silden 100Mg Tabs 0G (Others)',0,0,'2020-12-23 21:55:49','2020-12-23 21:55:49'),('Silden 50Mg Tabs 0G (Others)',0,0,'2020-12-23 21:56:09','2020-12-23 21:56:09'),('Silver Bird Oil 0G (Others)',0,0,'2020-12-20 16:37:20','2020-12-20 16:37:20'),('Silverzinc Creams 0G (Others)',0,0,'2020-12-23 20:01:13','2020-12-23 20:01:13'),('Sivoderm Creams 0G (Others)',0,0,'2020-12-28 20:51:46','2020-12-28 20:51:46'),('Sivoderm Powder 0G (Others)',0,0,'2020-12-28 20:51:31','2020-12-28 20:51:31'),('Skybru Syrup 0G (Gb Pharma)',0,0,'2020-11-24 14:06:04','2020-11-24 14:06:04'),('Solak Mixture Syrup 0G (Letap)',0,0,'2020-12-01 18:38:03','2020-12-01 18:38:03'),('Soluble Asprin 10S Tabs 0G (Uk)',0,0,'2020-12-25 12:29:30','2020-12-25 12:29:30'),('Soluble Asprin 25S Tabs 0G (Ernest Chemist)',0,0,'2020-12-25 12:29:07','2020-12-25 12:29:07'),('Soluble Asprin 75Mg Tabs 0G (Others)',0,0,'2020-12-25 12:27:09','2020-12-25 12:27:09'),('Spanish Garlic Syrup 0G (Letap)',0,0,'2020-12-01 18:32:24','2020-12-01 18:32:24'),('Spirit 60Ml Ointments 0G (Others)',0,0,'2020-12-22 18:31:35','2020-12-22 18:31:35'),('Spironolactone Tabs 0G (Teva)',0,0,'2020-12-30 20:26:04','2020-12-30 20:26:04'),('Stomocaine Suspensions 0G (Unichem)',0,0,'2020-12-20 16:50:09','2020-12-20 16:50:09'),('Stopkof Adult Syrup 0G (Gb Pharma)',0,0,'2020-11-24 12:58:28','2020-11-24 12:58:28'),('Stopkof Baby Syrup 0G (Unicom)',0,0,'2020-11-24 12:55:53','2020-11-24 12:55:53'),('Stopkof Jun Syrup 0G (Unicom)',0,0,'2020-11-24 12:56:32','2020-11-24 12:56:32'),('Strepsils Lozenges 0Mg (Uk)',0,0,'2020-12-20 15:46:31','2020-12-20 15:46:31'),('Streptol Lozenges 0G (Osons)',0,0,'2020-12-29 15:14:40','2020-12-29 15:14:40'),('Stugeron Tabs 0Mg (Others)',0,0,'2020-12-20 15:57:25','2020-12-20 15:57:25'),('Sudo 125G Creams 0G (Unicom)',0,0,'2021-01-02 18:37:10','2021-01-02 18:37:10'),('Sudo 60G Creams 0G (Unicom)',0,0,'2021-01-02 18:36:30','2021-01-02 18:36:30'),('Sulphur Ointments 0G (Others)',0,0,'2020-12-20 17:05:17','2020-12-20 17:05:17'),('Sumo Active Syrup Syrup 0G (Baseline)',0,0,'2020-11-24 11:48:25','2020-11-24 11:48:25'),('Sumo Active Tabs Capsule 0G (Baseline)',0,0,'2020-11-24 11:49:11','2020-11-24 11:49:11'),('Supavita Capsule Capsule 0G (Osons)',0,0,'2020-12-01 17:39:09','2020-12-01 17:39:09'),('Supirocin Creams 0G (Others)',0,0,'2020-12-23 19:58:18','2020-12-23 19:58:18'),('Sure Deo Spray 0G (Others)',0,0,'2020-12-26 17:58:08','2020-12-26 17:58:08'),('Surfaz Creams 0G (Others)',0,0,'2020-12-23 20:58:06','2020-12-23 20:58:06'),('Taabea Capsule 0G (Others)',0,0,'2020-12-20 17:27:28','2020-12-20 17:27:28'),('Taabea Capsule Capsule 0Others (Letap)',0,0,'2020-12-18 23:43:18','2020-12-18 23:43:18'),('Taabea Mixture Syrup 0G (Letap)',0,0,'2020-12-01 18:31:06','2020-12-01 18:31:06'),('Tacizol Suspensions 0G (Others)',0,0,'2020-12-24 20:10:10','2020-12-24 20:10:10'),('Tacizol Tabs 0G (Others)',0,0,'2020-12-24 20:10:30','2020-12-24 20:10:30'),('Talgentis 20Mg Tabs 0G (Others)',0,0,'2020-12-23 18:48:01','2020-12-23 18:48:01'),('Talgentis 5Mg Tabs 0G (Others)',0,0,'2020-12-23 18:46:40','2020-12-23 18:46:40'),('Tanzol Suspensions 0G (Shalina)',0,0,'2020-12-24 20:20:13','2020-12-24 20:20:13'),('Tanzol Tabs 0G (Shalina)',0,0,'2020-12-24 20:19:41','2020-12-24 20:19:41'),('Teedar Syrup Syrup 0G (Unicom)',0,0,'2020-11-24 12:51:40','2020-11-24 12:51:40'),('Teething Mixture Bells Syrup 0G (Gb Pharma)',0,0,'2020-11-24 14:07:22','2020-11-24 14:07:22'),('Teething Mixture Ecl Syrup 0G (Unichem)',0,0,'2020-11-24 14:06:59','2020-11-24 14:06:59'),('Teething Powder Powder 0G (Unicom)',0,0,'2020-11-24 12:41:41','2020-11-24 12:41:41'),('Tegretol 200Mg Tabs 0G (Others)',0,0,'2021-01-14 19:39:20','2021-01-14 19:39:20'),('Tetmosol Soap 0G (Unicom)',0,0,'2020-12-23 20:57:04','2020-12-23 20:57:04'),('Tetra Capsule 0Mg (Letap)',0,0,'2020-12-20 07:25:43','2020-12-20 07:25:43'),('Tetra Eye Ointments 0G (Others)',0,0,'2020-12-20 07:23:51','2020-12-20 07:23:51'),('Timolol(Exetomol) Eye Drop 0G (Exeter)',0,0,'2020-12-25 17:55:40','2020-12-25 17:55:40'),('Tinyvite Drop Syrup 0G (Unicom)',0,0,'2020-11-24 12:30:16','2020-11-24 12:30:16'),('Tixylix Baby Syrup 0G (Unicom)',0,0,'2020-11-24 12:20:57','2020-11-24 12:20:57'),('Tixylix Toddler Cough Syrup 0G (Baseline)',0,0,'2020-11-24 12:21:49','2020-11-24 12:21:49'),('Tobrin Eye Drop 0G (Others)',0,0,'2020-12-21 18:26:44','2020-12-21 18:26:44'),('Tobrin Eye Ointments 0G (Others)',0,0,'2020-12-21 18:26:23','2020-12-21 18:26:23'),('Top Man Capsule 0G (Others)',0,0,'2020-12-20 17:38:37','2020-12-20 17:38:37'),('Tot Hema Syrup 0G (Others)',0,0,'2020-12-20 16:39:05','2020-12-20 16:39:05'),('Touch And Go Others 0G (Others)',0,0,'2020-12-25 10:06:57','2020-12-25 10:06:57'),('Tramadol Generic Capsule 0Mg (Others)',0,0,'2020-12-20 09:24:07','2020-12-20 09:24:07'),('Tramadol(Entradol) Capsule 0G (Tobinco)',0,0,'2021-01-05 21:38:50','2021-01-05 21:38:50'),('Tranexanic Acid Tabs 0Mg (Uk)',0,0,'2020-12-20 14:55:13','2020-12-20 14:55:13'),('Tremendous Capsule 0G (Others)',0,0,'2020-12-20 17:27:12','2020-12-20 17:27:12'),('Tres-Orix Big Syrup 0G (Unicom)',0,0,'2020-11-24 13:29:07','2020-11-24 13:29:07'),('Tres-Orix Small Tabs 0G (Unicom)',0,0,'2020-11-24 13:29:42','2020-11-24 13:29:42'),('Trisilicate Tabs 0G (Letap)',0,0,'2020-12-23 21:55:08','2020-12-23 21:55:08'),('Tylenol Capsule 0G (Uk)',0,0,'2020-12-25 11:50:27','2020-12-25 11:50:27'),('V-Firm Creams 0G (Others)',0,0,'2020-12-23 19:23:42','2020-12-23 19:23:42'),('Vaginax Creams 0G (Others)',0,0,'2020-12-23 20:03:12','2020-12-23 20:03:12'),('Vaginax Pessaries 0G (Others)',0,0,'2020-12-21 21:12:18','2020-12-21 21:12:18'),('Vaseline Body Creams 0G (Others)',0,0,'2021-01-10 15:50:09','2021-01-10 15:50:09'),('Venecare Mixture 0G (Others)',0,0,'2020-12-24 22:40:50','2020-12-24 22:40:50'),('Ventolin Inhaler Inhaler 0G (Unicom)',0,0,'2020-11-24 12:26:40','2020-11-24 12:26:40'),('Ventolin Syrup Syrup 0G (Unicom)',0,0,'2020-11-24 12:53:28','2020-11-24 12:53:28'),('Vermox Susp Suspensions 0G (Unicom)',0,0,'2020-11-24 12:47:15','2020-11-24 12:47:15'),('Vermox Tabs 0G (Ernest Chemist)',0,0,'2020-12-27 16:09:54','2020-12-27 16:09:54'),('Vermox Tabs Syrup 0G (Unichem)',0,0,'2020-11-24 12:47:55','2020-11-24 12:47:55'),('Vestamin Syrup Syrup 0Mg (Baseline)',0,0,'2020-11-24 11:44:10','2020-11-24 11:44:10'),('Victory Garlic Syrup 0G (Letap)',0,0,'2020-12-01 18:21:18','2020-12-01 18:21:18'),('Vigorix Syrup Capsule 0G (Kinapharma)',0,0,'2020-12-01 17:44:03','2020-12-01 17:44:03'),('Vigorix Syrup Syrup 0G (Arytons)',0,0,'2020-12-13 12:06:46','2020-12-13 12:06:46'),('Virol Syrup 0G (Unicom)',0,0,'2020-11-24 13:21:08','2020-11-24 13:21:08'),('Viscof D Syrup 0G (Baseline)',0,0,'2020-11-24 12:11:04','2020-11-24 12:11:04'),('Viscof S Syrup 0G (Baseline)',0,0,'2020-11-24 12:10:40','2020-11-24 12:10:40'),('Viscof Syrup 0G (Baseline)',0,0,'2020-11-24 12:11:56','2020-11-24 12:11:56'),('Vitafol Tabs Tabs 0Others (Unichem)',0,0,'2020-12-19 16:28:45','2020-12-19 16:28:45'),('Vitamin B-Denk Syrup 0G (Denk)',0,0,'2021-01-12 19:45:12','2021-01-12 19:45:12'),('Vitamin C Syrup (Bells) Syrup 0G (Unichem)',0,0,'2020-11-24 12:40:47','2020-11-24 12:40:47'),('Vitamin C Syrup Ascoryl Plus Syrup 0G (Kinapharma)',0,0,'2020-11-24 14:10:27','2020-11-24 14:10:27'),('Vitamin C Syrup Syrup 0G (Kinapharma)',0,0,'2020-11-24 14:11:01','2020-11-24 14:11:01'),('Vitamin C Syrup(Ascorbin) Syrup 0G (Baseline)',0,0,'2020-11-24 12:38:29','2020-11-24 12:38:29'),('Vitamin C Syrup(Ascoryl) Syrup 0G (Baseline)',0,0,'2020-11-24 12:37:28','2020-11-24 12:37:28'),('Vitamin C Syrup(Best-Vit) Syrup 0G (Unicom)',0,0,'2020-11-24 12:43:38','2020-11-24 12:43:38'),('Vitamin C Tabs 1Gram Tabs 0G (Unicom)',0,0,'2020-11-24 12:48:44','2020-11-24 12:48:44'),('Vitamin E 400Iu Caps 0G (Valupak)',0,0,'2020-12-25 17:37:22','2020-12-25 17:37:22'),('Vitapower Syrup 0G (Others)',0,0,'2021-01-09 20:13:40','2021-01-09 20:13:40'),('Vitaronamin Syrup 0G (Others)',0,0,'2021-01-03 21:09:08','2021-01-03 21:09:08'),('Vitferon Capsule Capsule 0Ml (Baseline)',0,0,'2020-11-24 11:32:00','2020-11-24 11:32:00'),('Vitferon Syrup Big Syrup 0Ml (Baseline)',0,0,'2020-11-24 11:31:07','2020-11-24 11:31:07'),('Vitferon Syrup Small Syrup 0Ml (Baseline)',0,0,'2020-11-24 11:31:31','2020-11-24 11:31:31'),('Volfast Powder 0Mg (Unichem)',0,0,'2020-12-20 14:52:14','2020-12-20 14:52:14'),('Well Woman Capsule 0G (Ernest Chemist)',0,0,'2020-12-25 20:34:37','2020-12-25 20:34:37'),('Wellbaby Drop Drops 0G (Unicom)',0,0,'2020-11-24 12:35:27','2020-11-24 12:35:27'),('Wellbaby Syrup 0Others (Unichem)',0,0,'2020-12-19 16:29:15','2020-12-19 16:29:15'),('Wellman 50+ Capsule 0G (Unicom)',0,0,'2020-12-26 15:38:14','2020-12-26 15:38:14'),('Wellman Capsule 0G (Ernest Chemist)',0,0,'2020-12-25 19:12:12','2020-12-25 19:12:12'),('Wellwoman 50+ Capsule 0G (Unicom)',0,0,'2020-12-26 20:35:40','2020-12-26 20:35:40'),('Whitfield Ointments 0G (Others)',0,0,'2020-12-20 17:07:41','2020-12-20 17:07:41'),('Winart Forte Tabs 0Mg (Ascot)',0,0,'2020-12-20 08:08:26','2020-12-20 08:08:26'),('Winart Suspensions 0G (Ascot)',0,0,'2020-12-20 08:08:47','2020-12-20 08:08:47'),('Wormbat 400 Tabs 0Others (Unichem)',0,0,'2020-12-19 18:15:48','2020-12-19 18:15:48'),('Wormicel Suspensions 0G (Others)',0,0,'2021-01-06 21:00:34','2021-01-06 21:00:34'),('Wormplex Suspensions 0G (Others)',0,0,'2020-12-24 20:06:24','2020-12-24 20:06:24'),('Wormplex Tabs 0G (Others)',0,0,'2020-12-24 20:05:59','2020-12-24 20:05:59'),('Wormron 400 Tabs 0G (Others)',0,0,'2021-01-07 18:10:02','2021-01-07 18:10:02'),('Wormzap Suspensions 0G (Others)',0,0,'2020-12-25 11:36:32','2020-12-25 11:36:32'),('Wormzap Tabs 0G (Others)',0,0,'2020-12-25 11:37:01','2020-12-25 11:37:01'),('Xferon Syrup Syrup 0G (Tobinco)',0,0,'2020-12-01 17:20:42','2020-12-01 17:20:42'),('Yafo Man Power Capsule 0G (Others)',0,0,'2020-12-20 17:43:08','2020-12-20 17:43:08'),('Yodi Others 0G (Others)',0,0,'2020-12-21 18:36:32','2020-12-21 18:36:32'),('Zentel Suspensions 0G (Ernest Chemist)',0,0,'2020-12-24 20:04:13','2020-12-24 20:04:13'),('Zentel Tabs 0G (Ernest Chemist)',0,0,'2020-12-24 20:00:24','2020-12-24 20:00:24'),('Zerocid Suspensions 0G (Others)',0,0,'2020-12-20 16:49:47','2020-12-20 16:49:47'),('Zinc 10Mg Tabs 0G (M&G)',0,0,'2020-12-27 15:44:01','2020-12-27 15:44:01'),('Zinc 20Mg Tabs 0G (M&G)',0,0,'2020-12-27 15:51:25','2020-12-27 15:51:25'),('Zinc Oxide Ointments 0G (Others)',0,0,'2020-12-20 17:07:00','2020-12-20 17:07:00'),('Zincofer Capsule Capsule 0G (Unicom)',0,0,'2020-11-24 13:08:43','2020-11-24 13:08:43'),('Zincofer Syrup Syrup 0G (Unicom)',0,0,'2020-11-24 13:08:24','2020-11-24 13:08:24'),('Zincolac B Tabs 0G (Others)',0,0,'2020-12-24 23:05:14','2020-12-24 23:05:14'),('Zincovit Drop Drops 0G (Unicom)',0,0,'2020-11-24 12:36:10','2020-11-24 12:36:10'),('Zincovit Syrup Syrup 0Mg (Unicom)',0,0,'2020-11-24 13:06:13','2020-11-24 13:06:13'),('Zincovit Tabs Tabs 0G (Unicom)',0,0,'2020-11-24 13:06:40','2020-11-24 13:06:40'),('Zinnat Suspensions 1Ml (Ernest Chemist)',0,0,'2020-12-20 05:04:45','2020-12-20 05:04:45'),('Zipferon Syr Syrup 0G (Pokupharma)',0,0,'2020-12-01 17:15:39','2020-12-01 17:15:39'),('Zipman Capsule 0G (Others)',0,0,'2020-12-20 17:27:43','2020-12-20 17:27:43'),('Zubes Baby Syrup 0G (Pokupharma)',0,0,'2020-12-01 17:14:54','2020-12-01 17:14:54'),('Zubes Expectorant Syrup 0G (Gb Pharma)',0,0,'2020-12-01 17:08:49','2020-12-01 17:08:49'),('Zubes Extra Strong Syrup 0G (Unichem)',0,0,'2020-12-01 17:07:58','2020-12-01 17:07:58'),('Zubes Lozenges 0G (Others)',0,0,'2020-12-29 15:11:38','2020-12-29 15:11:38'),('Zudrex Syrup Syrup 0G (Gb Pharma)',0,0,'2020-11-24 14:08:37','2020-11-24 14:08:37'),('Zudrex Tabs 0G (Osons)',0,0,'2021-01-07 18:27:42','2021-01-07 18:27:42'),('Zulu Tabs 0Mg (Others)',0,0,'2020-12-20 09:47:14','2020-12-20 09:47:14'),('Zyfen Tabs 0G (Unicom)',0,0,'2020-12-20 16:03:02','2020-12-20 16:03:02');
/*!40000 ALTER TABLE `items_price` ENABLE KEYS */;
UNLOCK TABLES;

--
-- Table structure for table `licensing`
--

DROP TABLE IF EXISTS `licensing`;
/*!40101 SET @saved_cs_client     = @@character_set_client */;
/*!50503 SET character_set_client = utf8mb4 */;
CREATE TABLE `licensing` (
  `license_id` int(11) NOT NULL AUTO_INCREMENT,
  `license_key` varchar(2000) NOT NULL,
  PRIMARY KEY (`license_id`)
) ENGINE=InnoDB AUTO_INCREMENT=2 DEFAULT CHARSET=latin1;
/*!40101 SET character_set_client = @saved_cs_client */;

--
-- Dumping data for table `licensing`
--

LOCK TABLES `licensing` WRITE;
/*!40000 ALTER TABLE `licensing` DISABLE KEYS */;
INSERT INTO `licensing` VALUES (1,'otRjJjneiSafSIqqBkpBpkjWlFD9hq_6yQx3h3n2C9ikvvmYLeHTWpjyZ6zKWa6X-ylNbG6Purm21J4WJ6QaAg');
/*!40000 ALTER TABLE `licensing` ENABLE KEYS */;
UNLOCK TABLES;

--
-- Table structure for table `manufacturer`
--

DROP TABLE IF EXISTS `manufacturer`;
/*!40101 SET @saved_cs_client     = @@character_set_client */;
/*!50503 SET character_set_client = utf8mb4 */;
CREATE TABLE `manufacturer` (
  `manufacturer` varchar(245) NOT NULL,
  PRIMARY KEY (`manufacturer`)
) ENGINE=InnoDB DEFAULT CHARSET=latin1;
/*!40101 SET character_set_client = @saved_cs_client */;

--
-- Dumping data for table `manufacturer`
--

LOCK TABLES `manufacturer` WRITE;
/*!40000 ALTER TABLE `manufacturer` DISABLE KEYS */;
INSERT INTO `manufacturer` VALUES ('21st Century'),('Aculife Healthcare Pvt Ltd'),('Amanta Healthcare'),('Arytons'),('Ascot'),('Aspar Pharmaceuticals'),('Axa Parentals'),('Ayrton'),('B Overgreens'),('Baseline'),('Bicon Pharmaceuticals'),('Bliss Gvs Pharma'),('Bragg'),('Bristol'),('Changsha Sinocare'),('Ciron Drugs'),('Co-Pharma'),('Crescent'),('Dannex'),('Denk'),('Erest Chemist'),('Ernest Chemist'),('Eskay'),('Exeter'),('Gb Pharma Limited'),('General Consumables'),('Genesis Pharmaceuticals'),('Golden Tower'),('Gopaldas Visram & Co'),('GR Pharma'),('Guilin Pharmaceutical'),('Hovid'),('innocia Lifesciences Pvt Ltd'),('Joramay Pharmacy'),('Kama Industries'),('Kinapharma'),('Kojack'),('Letap'),('M&G'),('Meyer'),('MGP'),('Mikado Laboratories'),('MVC Pharmaceuticals'),('Nirlife (Aculife)'),('OA & J Pharmaceuticals'),('Omer Investment Limited'),('Osons'),('Others'),('Pharm-Inter'),('Pharmanova'),('Phyto-Riker Pharmaceuticals Ltd'),('PokuPharma'),('Ronak Exim Pvt. Ltd'),('Shalina'),('Shandong Xier Kangtai Pharmaceuticals'),('Stedman Pharmaceuticals'),('Swiss Parenterals'),('Teva'),('Tobinco'),('Troge'),('UK'),('Unichem Industries'),('Unicom'),('Valupak'),('Xl Laboratories');
/*!40000 ALTER TABLE `manufacturer` ENABLE KEYS */;
UNLOCK TABLES;

--
-- Table structure for table `receipt`
--

DROP TABLE IF EXISTS `receipt`;
/*!40101 SET @saved_cs_client     = @@character_set_client */;
/*!50503 SET character_set_client = utf8mb4 */;
CREATE TABLE `receipt` (
  `receipt_id` int(11) NOT NULL,
  `sales_id` int(11) NOT NULL,
  `amount_paid` double NOT NULL,
  `pay_mode` varchar(25) NOT NULL,
  `dateR` date NOT NULL,
  `timeR` time NOT NULL,
  `remarks` varchar(500) DEFAULT NULL,
  `users` int(11) DEFAULT '0',
  `entry_log` datetime DEFAULT NULL,
  `modified_date` timestamp NULL DEFAULT NULL,
  PRIMARY KEY (`receipt_id`),
  KEY `sales_id` (`sales_id`),
  KEY `users` (`users`),
  CONSTRAINT `receipt_ibfk_1` FOREIGN KEY (`sales_id`) REFERENCES `sales` (`sales_id`),
  CONSTRAINT `receipt_ibfk_2` FOREIGN KEY (`users`) REFERENCES `users` (`userid`)
) ENGINE=InnoDB DEFAULT CHARSET=latin1;
/*!40101 SET character_set_client = @saved_cs_client */;

--
-- Dumping data for table `receipt`
--

LOCK TABLES `receipt` WRITE;
/*!40000 ALTER TABLE `receipt` DISABLE KEYS */;
INSERT INTO `receipt` VALUES (1,1,63,'MoMo','2021-02-03','17:24:58',NULL,1,'2021-02-03 17:24:59','2021-02-03 17:24:59'),(2,2,158.5,'MoMo','2021-02-04','08:52:43',NULL,3,'2021-02-04 08:52:43','2021-02-04 08:52:43'),(3,3,170,'MoMo','2021-02-04','09:01:53',NULL,3,'2021-02-04 09:01:54','2021-02-04 09:01:54'),(4,4,43,'Cash','2021-02-04','09:12:40',NULL,3,'2021-02-04 09:12:40','2021-02-04 09:12:40');
/*!40000 ALTER TABLE `receipt` ENABLE KEYS */;
UNLOCK TABLES;

--
-- Table structure for table `refund_policy`
--

DROP TABLE IF EXISTS `refund_policy`;
/*!40101 SET @saved_cs_client     = @@character_set_client */;
/*!50503 SET character_set_client = utf8mb4 */;
CREATE TABLE `refund_policy` (
  `refund_period` varchar(45) NOT NULL,
  `refund_period_val` int(11) NOT NULL,
  `refund_custom_msg` varchar(1045) NOT NULL,
  `refund_elog` datetime NOT NULL,
  `user` int(11) NOT NULL,
  PRIMARY KEY (`refund_period`),
  KEY `FK_REFUND_USER_idx` (`user`),
  CONSTRAINT `FK_REFUND_USER` FOREIGN KEY (`user`) REFERENCES `users` (`userid`) ON DELETE NO ACTION ON UPDATE NO ACTION
) ENGINE=InnoDB DEFAULT CHARSET=latin1;
/*!40101 SET character_set_client = @saved_cs_client */;

--
-- Dumping data for table `refund_policy`
--

LOCK TABLES `refund_policy` WRITE;
/*!40000 ALTER TABLE `refund_policy` DISABLE KEYS */;
INSERT INTO `refund_policy` VALUES ('hr',24,'Based on our current refund policy terms, incase of issues, this item can only be returned or refunded within 24hour period. Thank you.','2021-01-01 09:00:00',1);
/*!40000 ALTER TABLE `refund_policy` ENABLE KEYS */;
UNLOCK TABLES;

--
-- Table structure for table `rtd_item`
--

DROP TABLE IF EXISTS `rtd_item`;
/*!40101 SET @saved_cs_client     = @@character_set_client */;
/*!50503 SET character_set_client = utf8mb4 */;
CREATE TABLE `rtd_item` (
  `salescode` int(11) NOT NULL,
  `rtd_date` date NOT NULL,
  `rtd_time` time NOT NULL,
  `rtd_qty` int(11) NOT NULL,
  `remarks` varchar(500) DEFAULT NULL,
  `users` int(11) NOT NULL,
  `entry_log` datetime NOT NULL,
  `last_modified` timestamp NOT NULL DEFAULT CURRENT_TIMESTAMP ON UPDATE CURRENT_TIMESTAMP,
  PRIMARY KEY (`salescode`),
  KEY `users` (`users`),
  CONSTRAINT `rtd_item_ibfk_1` FOREIGN KEY (`users`) REFERENCES `users` (`userid`),
  CONSTRAINT `rtd_item_ibfk_2` FOREIGN KEY (`salescode`) REFERENCES `sales_details` (`sales_details_id`)
) ENGINE=InnoDB DEFAULT CHARSET=latin1;
/*!40101 SET character_set_client = @saved_cs_client */;

--
-- Dumping data for table `rtd_item`
--

LOCK TABLES `rtd_item` WRITE;
/*!40000 ALTER TABLE `rtd_item` DISABLE KEYS */;
INSERT INTO `rtd_item` VALUES (13,'2021-02-05','10:49:06',1,'customer doent need item',3,'2021-02-04 10:49:06','2021-02-04 10:56:46');
/*!40000 ALTER TABLE `rtd_item` ENABLE KEYS */;
UNLOCK TABLES;

--
-- Table structure for table `sales`
--

DROP TABLE IF EXISTS `sales`;
/*!40101 SET @saved_cs_client     = @@character_set_client */;
/*!50503 SET character_set_client = utf8mb4 */;
CREATE TABLE `sales` (
  `sales_id` int(11) NOT NULL,
  `dateS` date NOT NULL,
  `users` int(11) NOT NULL,
  `customers` int(11) NOT NULL,
  `entry_date` date NOT NULL,
  PRIMARY KEY (`sales_id`),
  KEY `customers` (`customers`),
  KEY `sales_user_idx` (`users`),
  CONSTRAINT `sales_ibfk_1` FOREIGN KEY (`users`) REFERENCES `users` (`userid`),
  CONSTRAINT `sales_ibfk_2` FOREIGN KEY (`customers`) REFERENCES `customers` (`customer_id`),
  CONSTRAINT `sales_user` FOREIGN KEY (`users`) REFERENCES `users` (`userid`) ON DELETE NO ACTION ON UPDATE NO ACTION
) ENGINE=InnoDB DEFAULT CHARSET=latin1;
/*!40101 SET character_set_client = @saved_cs_client */;

--
-- Dumping data for table `sales`
--

LOCK TABLES `sales` WRITE;
/*!40000 ALTER TABLE `sales` DISABLE KEYS */;
INSERT INTO `sales` VALUES (1,'2021-02-03',1,1,'2021-02-03'),(2,'2021-02-04',3,1,'2021-02-04'),(3,'2021-02-04',3,1,'2021-02-04'),(4,'2021-02-04',3,1,'2021-02-04');
/*!40000 ALTER TABLE `sales` ENABLE KEYS */;
UNLOCK TABLES;

--
-- Table structure for table `sales_details`
--

DROP TABLE IF EXISTS `sales_details`;
/*!40101 SET @saved_cs_client     = @@character_set_client */;
/*!50503 SET character_set_client = utf8mb4 */;
CREATE TABLE `sales_details` (
  `sales_details_id` int(11) NOT NULL AUTO_INCREMENT,
  `sale_id` int(11) NOT NULL,
  `item` varchar(250) NOT NULL,
  `uom_code` varchar(250) NOT NULL,
  `quantity` int(11) NOT NULL,
  `cost_price` double NOT NULL,
  `sales_price` double NOT NULL,
  `discount` double NOT NULL DEFAULT '0',
  `entry_date` datetime DEFAULT NULL,
  `modified_date` timestamp NULL DEFAULT NULL,
  PRIMARY KEY (`sales_details_id`),
  KEY `sale_id` (`sale_id`),
  KEY `item` (`item`),
  KEY `uom_code` (`uom_code`),
  CONSTRAINT `sales_details_ibfk_1` FOREIGN KEY (`sale_id`) REFERENCES `sales` (`sales_id`),
  CONSTRAINT `sales_details_ibfk_3` FOREIGN KEY (`item`) REFERENCES `items` (`item_desc`),
  CONSTRAINT `sales_details_ibfk_4` FOREIGN KEY (`uom_code`) REFERENCES `uom` (`uom_desc`)
) ENGINE=InnoDB AUTO_INCREMENT=16 DEFAULT CHARSET=latin1;
/*!40101 SET character_set_client = @saved_cs_client */;

--
-- Dumping data for table `sales_details`
--

LOCK TABLES `sales_details` WRITE;
/*!40000 ALTER TABLE `sales_details` DISABLE KEYS */;
INSERT INTO `sales_details` VALUES (1,1,'A.T,S(Tetanus) Injection 0G (Others)','Bottle',7,4.5,9,0,'2021-02-03 17:24:59','2021-02-03 17:24:59'),(2,2,'1 Inch Plaster 0Mg (Others)','Bottle',5,5,12,0,'2021-02-04 08:52:43','2021-02-04 08:52:43'),(3,2,'Acinil Suspensions 0Mg (Others)','Bottle',1,3.5,11,0,'2021-02-04 08:52:43','2021-02-04 08:52:43'),(4,2,'Abyvita Syrup 0Ml (Baseline)','Bottle',3,7,18.5,0,'2021-02-04 08:52:43','2021-02-04 08:52:43'),(5,2,'Aciclovir(Virest) Creams 0G (Others)','Bottle',2,3,7,0,'2021-02-04 08:52:43','2021-02-04 08:52:43'),(6,2,'Abidec Drop Drops 0G (Unicom)','Bottle',2,6,9,0,'2021-02-04 08:52:43','2021-02-04 08:52:43'),(7,3,'Aciclovir(Virest) Creams 0G (Others)','Bottle',3,3,7,0,'2021-02-04 09:01:54','2021-02-04 09:01:54'),(8,3,'A.T,S(Tetanus) Injection 0G (Others)','Bottle',1,4.5,9,0,'2021-02-04 09:01:54','2021-02-04 09:01:54'),(9,3,'Abyvita Syrup 0Ml (Baseline)','Bottle',2,7,18.5,0,'2021-02-04 09:01:54','2021-02-04 09:01:54'),(10,3,'Acinil Suspensions 0Mg (Others)','Bottle',2,3.5,11,0,'2021-02-04 09:01:54','2021-02-04 09:01:54'),(11,3,'Abidec Drop Drops 0G (Unicom)','Bottle',4,6,9,0,'2021-02-04 09:01:54','2021-02-04 09:01:54'),(12,3,'Abonike Ointments 0G (Others)','Bottle',3,5,15,0,'2021-02-04 09:01:54','2021-02-04 09:01:54'),(13,4,'Acinil Suspensions 0Mg (Others)','Bottle',1,3.5,11,0,'2021-02-04 09:12:40','2021-02-04 09:12:40'),(14,4,'Aciclovir(Virest) Creams 0G (Others)','Bottle',1,3,7,0,'2021-02-04 09:12:40','2021-02-04 09:12:40'),(15,4,'Abyvita Capsule 0Mg (Baseline)','Bottle',1,15,25,0,'2021-02-04 09:12:40','2021-02-04 09:12:40');
/*!40000 ALTER TABLE `sales_details` ENABLE KEYS */;
UNLOCK TABLES;

--
-- Table structure for table `shelf`
--

DROP TABLE IF EXISTS `shelf`;
/*!40101 SET @saved_cs_client     = @@character_set_client */;
/*!50503 SET character_set_client = utf8mb4 */;
CREATE TABLE `shelf` (
  `shelf_desc` varchar(250) NOT NULL,
  PRIMARY KEY (`shelf_desc`)
) ENGINE=InnoDB DEFAULT CHARSET=latin1;
/*!40101 SET character_set_client = @saved_cs_client */;

--
-- Dumping data for table `shelf`
--

LOCK TABLES `shelf` WRITE;
/*!40000 ALTER TABLE `shelf` DISABLE KEYS */;
/*!40000 ALTER TABLE `shelf` ENABLE KEYS */;
UNLOCK TABLES;

--
-- Table structure for table `stockin`
--

DROP TABLE IF EXISTS `stockin`;
/*!40101 SET @saved_cs_client     = @@character_set_client */;
/*!50503 SET character_set_client = utf8mb4 */;
CREATE TABLE `stockin` (
  `stockin_id` int(11) NOT NULL,
  `batch_no` varchar(250) NOT NULL,
  `items` varchar(500) NOT NULL,
  `quantity` int(11) NOT NULL,
  `cost_price` double NOT NULL,
  `sales_price` double NOT NULL,
  `stockin_date` date NOT NULL,
  `expiry_date` date NOT NULL,
  `users` int(11) NOT NULL,
  `entry_log` datetime NOT NULL,
  `last_modified` timestamp NOT NULL DEFAULT CURRENT_TIMESTAMP ON UPDATE CURRENT_TIMESTAMP,
  PRIMARY KEY (`stockin_id`),
  KEY `users` (`users`),
  KEY `items` (`items`),
  CONSTRAINT `stockin_ibfk_1` FOREIGN KEY (`users`) REFERENCES `users` (`userid`),
  CONSTRAINT `stockin_ibfk_2` FOREIGN KEY (`items`) REFERENCES `items` (`item_desc`)
) ENGINE=InnoDB DEFAULT CHARSET=latin1;
/*!40101 SET character_set_client = @saved_cs_client */;

--
-- Dumping data for table `stockin`
--

LOCK TABLES `stockin` WRITE;
/*!40000 ALTER TABLE `stockin` DISABLE KEYS */;
INSERT INTO `stockin` VALUES (1,'1','1 Inch Plaster 0Mg (Others)',50,5,12,'2021-02-02','2021-02-02',1,'2021-02-02 17:45:33','2021-02-02 17:45:33'),(2,'2','A.T,S(Tetanus) Injection 0G (Others)',100,4.5,9,'2021-02-02','2021-02-02',1,'2021-02-02 17:46:04','2021-02-02 17:46:04'),(3,'3','Abonike Ointments 0G (Others)',100,5,15,'2021-02-02','2021-02-02',1,'2021-02-02 17:46:24','2021-02-02 17:46:24'),(4,'4','Abyvita Capsule 0Mg (Baseline)',100,15,25,'2021-02-02','2021-02-02',1,'2021-02-02 17:46:50','2021-02-02 17:46:50'),(5,'5','Abyvita Syrup 0Ml (Baseline)',50,7,18.5,'2021-02-02','2021-02-02',1,'2021-02-02 17:47:14','2021-02-02 17:47:14'),(6,'6','Abidec Drop Drops 0G (Unicom)',20,6,9,'2021-02-04','2021-02-04',1,'2021-02-04 08:44:30','2021-02-04 08:44:30'),(7,'7','Aciclovir(Virest) Creams 0G (Others)',25,3,7,'2021-02-04','2021-02-04',1,'2021-02-04 08:44:50','2021-02-04 08:44:50'),(8,'8','Acinil Suspensions 0Mg (Others)',20,3.5,11,'2021-02-04','2021-02-04',1,'2021-02-04 08:45:10','2021-02-04 08:45:10');
/*!40000 ALTER TABLE `stockin` ENABLE KEYS */;
UNLOCK TABLES;

--
-- Table structure for table `stockout`
--

DROP TABLE IF EXISTS `stockout`;
/*!40101 SET @saved_cs_client     = @@character_set_client */;
/*!50503 SET character_set_client = utf8mb4 */;
CREATE TABLE `stockout` (
  `stockout_id` int(11) NOT NULL AUTO_INCREMENT,
  `batch_no` varchar(150) NOT NULL,
  `items` varchar(500) NOT NULL,
  `quantity` int(11) NOT NULL,
  `remarks` varchar(145) NOT NULL,
  `stk_date` date NOT NULL,
  `users` int(11) NOT NULL,
  `entry_log` datetime NOT NULL,
  `modified_date` timestamp NOT NULL DEFAULT CURRENT_TIMESTAMP ON UPDATE CURRENT_TIMESTAMP,
  PRIMARY KEY (`stockout_id`),
  KEY `users` (`users`),
  KEY `items` (`items`),
  CONSTRAINT `stockout_ibfk_1` FOREIGN KEY (`users`) REFERENCES `users` (`userid`),
  CONSTRAINT `stockout_ibfk_2` FOREIGN KEY (`items`) REFERENCES `items` (`item_desc`)
) ENGINE=InnoDB DEFAULT CHARSET=latin1;
/*!40101 SET character_set_client = @saved_cs_client */;

--
-- Dumping data for table `stockout`
--

LOCK TABLES `stockout` WRITE;
/*!40000 ALTER TABLE `stockout` DISABLE KEYS */;
/*!40000 ALTER TABLE `stockout` ENABLE KEYS */;
UNLOCK TABLES;

--
-- Table structure for table `uom`
--

DROP TABLE IF EXISTS `uom`;
/*!40101 SET @saved_cs_client     = @@character_set_client */;
/*!50503 SET character_set_client = utf8mb4 */;
CREATE TABLE `uom` (
  `uom_desc` varchar(50) NOT NULL,
  PRIMARY KEY (`uom_desc`)
) ENGINE=InnoDB DEFAULT CHARSET=latin1;
/*!40101 SET character_set_client = @saved_cs_client */;

--
-- Dumping data for table `uom`
--

LOCK TABLES `uom` WRITE;
/*!40000 ALTER TABLE `uom` DISABLE KEYS */;
INSERT INTO `uom` VALUES ('Ampoule'),('Bottle'),('Box'),('Jacket'),('Pack'),('Strips'),('Tablet'),('Vial');
/*!40000 ALTER TABLE `uom` ENABLE KEYS */;
UNLOCK TABLES;

--
-- Table structure for table `userlogs`
--

DROP TABLE IF EXISTS `userlogs`;
/*!40101 SET @saved_cs_client     = @@character_set_client */;
/*!50503 SET character_set_client = utf8mb4 */;
CREATE TABLE `userlogs` (
  `logsid` int(11) NOT NULL AUTO_INCREMENT,
  `username` int(11) NOT NULL,
  `login_datetime` datetime DEFAULT NULL,
  `logout_datetime` datetime DEFAULT NULL,
  PRIMARY KEY (`logsid`),
  KEY `username` (`username`),
  CONSTRAINT `userlogs_ibfk_1` FOREIGN KEY (`username`) REFERENCES `users` (`userid`)
) ENGINE=InnoDB AUTO_INCREMENT=122 DEFAULT CHARSET=latin1;
/*!40101 SET character_set_client = @saved_cs_client */;

--
-- Dumping data for table `userlogs`
--

LOCK TABLES `userlogs` WRITE;
/*!40000 ALTER TABLE `userlogs` DISABLE KEYS */;
INSERT INTO `userlogs` VALUES (1,1,'2021-02-02 17:43:21','2021-02-02 17:43:57'),(2,1,'2021-02-02 17:44:51','2021-02-02 17:47:48'),(3,1,'2021-02-02 18:13:33','2021-02-02 18:43:21'),(4,3,'2021-02-03 07:05:56','2021-02-03 07:06:02'),(5,3,'2021-02-03 07:06:49',NULL),(6,3,'2021-02-03 07:10:04','2021-02-03 07:10:25'),(7,3,'2021-02-03 07:20:23',NULL),(8,3,'2021-02-03 07:21:36',NULL),(9,3,'2021-02-03 07:23:41',NULL),(10,3,'2021-02-03 07:42:25',NULL),(11,3,'2021-02-03 07:45:36',NULL),(12,3,'2021-02-03 07:47:25',NULL),(13,3,'2021-02-03 07:48:29','2021-02-03 07:49:10'),(14,3,'2021-02-03 07:50:58','2021-02-03 07:51:26'),(15,3,'2021-02-03 07:52:42','2021-02-03 07:52:55'),(16,3,'2021-02-03 07:56:23','2021-02-03 07:56:33'),(17,3,'2021-02-03 07:59:00','2021-02-03 07:59:32'),(18,3,'2021-02-03 08:01:35',NULL),(19,3,'2021-02-03 08:02:28',NULL),(20,3,'2021-02-03 08:13:23',NULL),(21,3,'2021-02-03 08:16:17',NULL),(22,3,'2021-02-03 08:19:35',NULL),(23,3,'2021-02-03 08:22:16',NULL),(24,3,'2021-02-03 08:33:30',NULL),(25,3,'2021-02-03 08:34:58',NULL),(26,3,'2021-02-03 08:36:47',NULL),(27,3,'2021-02-03 08:39:10',NULL),(28,3,'2021-02-03 08:41:49',NULL),(29,3,'2021-02-03 09:02:06',NULL),(30,3,'2021-02-03 09:26:23',NULL),(31,3,'2021-02-03 09:27:29',NULL),(32,3,'2021-02-03 09:30:40',NULL),(33,3,'2021-02-03 09:35:41',NULL),(34,3,'2021-02-03 09:37:21',NULL),(35,3,'2021-02-03 09:45:20',NULL),(36,3,'2021-02-03 09:52:29',NULL),(37,3,'2021-02-03 09:57:29',NULL),(38,3,'2021-02-03 09:59:19','2021-02-03 10:00:46'),(39,3,'2021-02-03 10:26:21',NULL),(40,3,'2021-02-03 10:27:43','2021-02-03 10:27:58'),(41,3,'2021-02-03 10:44:36',NULL),(42,3,'2021-02-03 10:45:25','2021-02-03 10:48:00'),(43,3,'2021-02-03 10:48:17',NULL),(44,3,'2021-02-03 10:50:31',NULL),(45,3,'2021-02-03 10:51:55',NULL),(46,1,'2021-02-03 15:21:44',NULL),(47,1,'2021-02-03 15:23:36',NULL),(48,1,'2021-02-03 15:24:28',NULL),(49,1,'2021-02-03 15:28:00',NULL),(50,1,'2021-02-03 15:30:03',NULL),(51,1,'2021-02-03 15:32:45',NULL),(52,1,'2021-02-03 15:34:45',NULL),(53,1,'2021-02-03 15:38:45',NULL),(54,1,'2021-02-03 15:44:32',NULL),(55,1,'2021-02-03 15:57:23','2021-02-03 15:57:36'),(56,1,'2021-02-03 15:58:52',NULL),(57,3,'2021-02-03 16:01:00',NULL),(58,1,'2021-02-03 16:04:01','2021-02-03 16:04:08'),(59,3,'2021-02-03 16:04:13',NULL),(60,1,'2021-02-03 16:04:57','2021-02-03 16:05:35'),(61,1,'2021-02-03 16:06:32',NULL),(62,1,'2021-02-03 16:09:05',NULL),(63,1,'2021-02-03 16:10:33',NULL),(64,1,'2021-02-03 16:11:29','2021-02-03 16:11:46'),(65,3,'2021-02-03 16:11:52',NULL),(66,1,'2021-02-03 16:14:25','2021-02-03 16:15:22'),(67,3,'2021-02-03 16:15:27',NULL),(68,3,'2021-02-03 16:17:39',NULL),(69,1,'2021-02-03 16:23:49','2021-02-03 16:24:11'),(70,3,'2021-02-03 16:24:17','2021-02-03 16:24:21'),(71,3,'2021-02-03 16:27:03',NULL),(72,3,'2021-02-03 16:29:42','2021-02-03 16:30:01'),(73,1,'2021-02-03 16:30:05',NULL),(74,1,'2021-02-03 16:34:41','2021-02-03 16:38:51'),(75,1,'2021-02-03 16:39:39','2021-02-03 16:39:58'),(76,3,'2021-02-03 16:40:09',NULL),(77,3,'2021-02-03 16:41:31','2021-02-03 16:44:05'),(78,1,'2021-02-03 16:44:18',NULL),(79,1,'2021-02-03 16:50:34',NULL),(80,1,'2021-02-03 16:52:16',NULL),(81,1,'2021-02-03 16:53:48','2021-02-03 16:53:57'),(82,1,'2021-02-03 16:54:02',NULL),(83,1,'2021-02-03 16:59:38',NULL),(84,3,'2021-02-03 17:07:35','2021-02-03 17:07:46'),(85,1,'2021-02-03 17:07:50',NULL),(86,1,'2021-02-03 17:08:47',NULL),(87,1,'2021-02-03 17:24:05',NULL),(88,1,'2021-02-03 17:26:50',NULL),(89,1,'2021-02-03 17:41:17',NULL),(90,3,'2021-02-03 17:54:35',NULL),(91,1,'2021-02-03 18:07:06','2021-02-03 18:07:20'),(92,3,'2021-02-03 18:07:26',NULL),(93,3,'2021-02-03 18:10:33','2021-02-04 07:54:34'),(94,3,'2021-02-04 08:39:48','2021-02-04 08:40:01'),(95,1,'2021-02-04 08:40:06','2021-02-04 08:45:20'),(96,3,'2021-02-04 08:45:28','2021-02-04 08:48:22'),(97,3,'2021-02-04 08:51:30',NULL),(98,3,'2021-02-04 08:57:44','2021-02-04 08:58:43'),(99,3,'2021-02-04 08:59:35','2021-02-04 09:02:50'),(100,1,'2021-02-04 09:07:14','2021-02-04 09:08:19'),(101,3,'2021-02-04 09:11:45',NULL),(102,3,'2021-02-04 09:16:13','2021-02-04 09:17:56'),(103,3,'2021-02-04 09:18:36','2021-02-04 09:19:41'),(104,3,'2021-02-04 09:21:46',NULL),(105,3,'2021-02-04 09:31:09',NULL),(106,3,'2021-02-04 09:34:29','2021-02-04 09:42:44'),(107,3,'2021-02-04 09:43:55',NULL),(108,3,'2021-02-04 10:30:20',NULL),(109,3,'2021-02-04 10:33:57',NULL),(110,3,'2021-02-04 10:35:04','2021-02-04 10:35:16'),(111,3,'2021-02-04 10:37:58','2021-02-04 10:38:08'),(112,3,'2021-02-04 10:38:48','2021-02-04 10:39:00'),(113,3,'2021-02-04 10:40:07','2021-02-04 10:40:15'),(114,3,'2021-02-04 10:42:04',NULL),(115,3,'2021-02-04 10:44:28',NULL),(116,3,'2021-02-04 10:48:31','2021-02-04 10:49:20'),(117,3,'2021-02-04 10:49:49',NULL),(118,3,'2021-02-04 10:50:44','2021-02-04 10:56:54'),(119,3,'2021-02-04 10:57:14',NULL),(120,1,'2021-02-04 11:37:44',NULL),(121,1,'2021-02-04 14:26:11','2021-02-04 14:36:16');
/*!40000 ALTER TABLE `userlogs` ENABLE KEYS */;
UNLOCK TABLES;

--
-- Table structure for table `users`
--

DROP TABLE IF EXISTS `users`;
/*!40101 SET @saved_cs_client     = @@character_set_client */;
/*!50503 SET character_set_client = utf8mb4 */;
CREATE TABLE `users` (
  `userid` int(11) NOT NULL AUTO_INCREMENT,
  `title` varchar(30) NOT NULL,
  `fname` varchar(145) NOT NULL,
  `lname` varchar(145) NOT NULL,
  `mobile` varchar(45) NOT NULL,
  `email` varchar(100) DEFAULT NULL,
  `username` varchar(45) NOT NULL,
  `pwd` varchar(45) NOT NULL,
  `roles` varchar(100) NOT NULL,
  `date_created` date NOT NULL,
  `modified_date` timestamp NULL DEFAULT CURRENT_TIMESTAMP ON UPDATE CURRENT_TIMESTAMP,
  `pwd_status` int(11) NOT NULL,
  `active` int(11) DEFAULT NULL,
  PRIMARY KEY (`userid`)
) ENGINE=InnoDB AUTO_INCREMENT=5 DEFAULT CHARSET=latin1;
/*!40101 SET character_set_client = @saved_cs_client */;

--
-- Dumping data for table `users`
--

LOCK TABLES `users` WRITE;
/*!40000 ALTER TABLE `users` DISABLE KEYS */;
INSERT INTO `users` VALUES (1,'Mr','Kofi','Moses','0246002100','kofim@gmail.com','kofi','ab55a9ef5cdd19db785e11794c9c7b9c','Administrator','2020-02-11','2020-05-05 07:18:19',1,1),(2,'Mr','Andrews','Phil','0270900032','andrews@gmail.com','andrews','ab55a9ef5cdd19db785e11794c9c7b9c','Supervisor','2020-02-11','2020-11-24 08:15:22',1,1),(3,'Miss','Venessa','Blue','0000000000','jb@gmail.com','vanesa','ab55a9ef5cdd19db785e11794c9c7b9c','Sales','2020-02-11','2020-11-24 10:18:31',1,1),(4,'Miss','Sarah','Jay','0000000000','Sarah@gmail.com','saraj','ab55a9ef5cdd19db785e11794c9c7b9c','Sales','2020-02-11','2020-05-05 07:18:19',0,1);
/*!40000 ALTER TABLE `users` ENABLE KEYS */;
UNLOCK TABLES;

--
-- Dumping events for database 'bitsmartmini'
--
/*!40103 SET TIME_ZONE=@OLD_TIME_ZONE */;

/*!40101 SET SQL_MODE=@OLD_SQL_MODE */;
/*!40014 SET FOREIGN_KEY_CHECKS=@OLD_FOREIGN_KEY_CHECKS */;
/*!40014 SET UNIQUE_CHECKS=@OLD_UNIQUE_CHECKS */;
/*!40101 SET CHARACTER_SET_CLIENT=@OLD_CHARACTER_SET_CLIENT */;
/*!40101 SET CHARACTER_SET_RESULTS=@OLD_CHARACTER_SET_RESULTS */;
/*!40101 SET COLLATION_CONNECTION=@OLD_COLLATION_CONNECTION */;
/*!40111 SET SQL_NOTES=@OLD_SQL_NOTES */;

-- Dump completed on 2021-02-04 15:18:45
